date,item,category,price_per_unit,units_sold,stock,promotion_type,day_of_week,is_weekend,is_holiday,temperature_c,precipitation_mm,market_footfall,competitor_price_per_unit,supply_disruption,event
2025-08-09,banana,fruit,40.9,49,91,none,Sat,1,0,32.8,11.7,382,38.5,none,none
2025-08-09,apple,fruit,122.2,18,51,none,Sat,1,0,32.8,11.7,382,113.3,none,none
2025-08-09,mango,fruit,79.9,9,15,none,Sat,1,0,32.8,11.7,382,73.9,none,none
2025-08-09,tomato,vegetable,32.8,34,64,none,Sat,1,0,32.8,11.7,382,34.2,none,none
2025-08-09,onion,vegetable,35.3,39,79,none,Sat,1,0,32.8,11.7,382,33.3,none,none
2025-08-09,potato,vegetable,26.6,58,87,none,Sat,1,0,32.8,11.7,382,27.5,none,none
2025-08-09,spinach,vegetable,22.8,15,35,none,Sat,1,0,32.8,11.7,382,22.1,none,none
2025-08-09,cucumber,vegetable,31.6,19,49,none,Sat,1,0,32.8,11.7,382,31.9,none,none
2025-08-10,banana,fruit,36.6,88,88,none,Sun,1,1,29.4,4.7,1139,35.4,none,festival
2025-08-10,apple,fruit,127.4,51,51,none,Sun,1,1,29.4,4.7,1139,135.5,none,festival
2025-08-10,mango,fruit,75.6,11,11,none,Sun,1,1,29.4,4.7,1139,71.0,quality_issue,festival
2025-08-10,tomato,vegetable,28.8,76,76,none,Sun,1,1,29.4,4.7,1139,27.8,none,festival
2025-08-10,onion,vegetable,34.9,73,73,none,Sun,1,1,29.4,4.7,1139,37.6,none,festival
2025-08-10,potato,vegetable,23.0,115,115,none,Sun,1,1,29.4,4.7,1139,24.2,none,festival
2025-08-10,spinach,vegetable,24.2,26,26,none,Sun,1,1,29.4,4.7,1139,22.6,quality_issue,festival
2025-08-10,cucumber,vegetable,28.0,38,38,none,Sun,1,1,29.4,4.7,1139,30.2,none,festival
2025-08-11,banana,fruit,41.4,37,114,none,Mon,0,0,29.2,11.9,345,41.9,none,none
2025-08-11,apple,fruit,118.8,12,50,none,Mon,0,0,29.2,11.9,345,128.2,none,none
2025-08-11,mango,fruit,80.1,4,19,none,Mon,0,0,29.2,11.9,345,81.8,none,none
2025-08-11,tomato,vegetable,30.9,33,70,none,Mon,0,0,29.2,11.9,345,31.7,none,none
2025-08-11,onion,vegetable,37.7,38,79,none,Mon,0,0,29.2,11.9,345,39.2,none,none
2025-08-11,potato,vegetable,24.0,24,90,none,Mon,0,0,29.2,11.9,345,22.8,none,none
2025-08-11,spinach,vegetable,25.9,7,33,none,Mon,0,0,29.2,11.9,345,25.3,none,none
2025-08-11,cucumber,vegetable,28.8,13,45,none,Mon,0,0,29.2,11.9,345,28.4,none,none
2025-08-12,banana,fruit,38.0,47,118,none,Tue,0,0,29.1,6.4,439,35.2,none,none
2025-08-12,apple,fruit,128.2,29,49,none,Tue,0,0,29.1,6.4,439,121.9,none,none
2025-08-12,mango,fruit,72.7,9,21,none,Tue,0,0,29.1,6.4,439,71.5,none,none
2025-08-12,tomato,vegetable,32.5,40,60,none,Tue,0,0,29.1,6.4,439,32.2,none,none
2025-08-12,onion,vegetable,36.1,56,89,none,Tue,0,0,29.1,6.4,439,35.7,none,none
2025-08-12,potato,vegetable,23.0,62,91,none,Tue,0,0,29.1,6.4,439,22.3,none,none
2025-08-12,spinach,vegetable,24.8,29,35,bundle,Tue,0,0,29.1,6.4,439,25.4,none,none
2025-08-12,cucumber,vegetable,32.7,30,53,none,Tue,0,0,29.1,6.4,439,34.6,none,none
2025-08-13,banana,fruit,37.7,79,90,none,Wed,0,0,27.2,0.0,508,37.0,none,none
2025-08-13,apple,fruit,124.4,30,48,none,Wed,0,0,27.2,0.0,508,121.2,none,none
2025-08-13,mango,fruit,78.8,19,19,discount,Wed,0,0,27.2,0.0,508,79.7,none,none
2025-08-13,tomato,vegetable,28.4,60,78,none,Wed,0,0,27.2,0.0,508,29.2,none,none
2025-08-13,onion,vegetable,31.9,51,71,none,Wed,0,0,27.2,0.0,508,34.2,none,none
2025-08-13,potato,vegetable,25.0,92,112,none,Wed,0,0,27.2,0.0,508,23.3,none,none
2025-08-13,spinach,vegetable,27.2,31,31,none,Wed,0,0,27.2,0.0,508,29.3,none,none
2025-08-13,cucumber,vegetable,31.1,28,54,none,Wed,0,0,27.2,0.0,508,32.8,none,none
2025-08-14,banana,fruit,37.9,96,119,none,Thu,0,0,28.4,0.0,501,40.4,none,none
2025-08-14,apple,fruit,115.9,32,44,none,Thu,0,0,28.4,0.0,501,114.7,none,none
2025-08-14,mango,fruit,83.9,12,22,none,Thu,0,0,28.4,0.0,501,86.3,none,none
2025-08-14,tomato,vegetable,30.3,50,93,none,Thu,0,0,28.4,0.0,501,29.4,none,none
2025-08-14,onion,vegetable,32.7,70,70,none,Thu,0,0,28.4,0.0,501,31.2,none,none
2025-08-14,potato,vegetable,23.0,85,108,none,Thu,0,0,28.4,0.0,501,22.4,none,none
2025-08-14,spinach,vegetable,24.3,26,34,none,Thu,0,0,28.4,0.0,501,23.4,none,none
2025-08-14,cucumber,vegetable,32.6,24,35,none,Thu,0,0,28.4,0.0,501,32.2,none,none
2025-08-15,banana,fruit,36.3,80,80,none,Fri,0,1,29.3,11.0,756,34.2,none,festival
2025-08-15,apple,fruit,126.2,56,56,none,Fri,0,1,29.3,11.0,756,123.7,none,festival
2025-08-15,mango,fruit,84.4,8,8,none,Fri,0,1,29.3,11.0,756,84.7,supplier_shortage,festival
2025-08-15,tomato,vegetable,28.3,83,83,bundle,Fri,0,1,29.3,11.0,756,26.7,none,festival
2025-08-15,onion,vegetable,38.1,103,103,none,Fri,0,1,29.3,11.0,756,35.9,none,festival
2025-08-15,potato,vegetable,23.7,121,121,none,Fri,0,1,29.3,11.0,756,22.1,none,festival
2025-08-15,spinach,vegetable,23.4,41,41,none,Fri,0,1,29.3,11.0,756,22.2,none,festival
2025-08-15,cucumber,vegetable,30.0,41,41,none,Fri,0,1,29.3,11.0,756,30.9,none,festival
2025-08-16,banana,fruit,43.2,34,67,none,Sat,1,0,27.7,31.7,281,43.3,quality_issue,none
2025-08-16,apple,fruit,115.7,0,39,none,Sat,1,0,27.7,31.7,281,110.4,none,none
2025-08-16,mango,fruit,73.4,4,19,none,Sat,1,0,27.7,31.7,281,73.8,none,none
2025-08-16,tomato,vegetable,32.9,12,70,none,Sat,1,0,27.7,31.7,281,33.5,none,none
2025-08-16,onion,vegetable,32.7,21,79,none,Sat,1,0,27.7,31.7,281,34.8,none,none
2025-08-16,potato,vegetable,26.6,24,133,none,Sat,1,0,27.7,31.7,281,25.6,none,none
2025-08-16,spinach,vegetable,26.3,7,34,none,Sat,1,0,27.7,31.7,281,25.0,none,none
2025-08-16,cucumber,vegetable,29.9,8,37,none,Sat,1,0,27.7,31.7,281,30.1,none,none
2025-08-17,banana,fruit,43.7,105,117,none,Sun,1,0,27.6,0.0,573,41.1,none,none
2025-08-17,apple,fruit,121.8,44,56,none,Sun,1,0,27.6,0.0,573,128.5,none,none
2025-08-17,mango,fruit,77.7,17,19,none,Sun,1,0,27.6,0.0,573,82.4,none,none
2025-08-17,tomato,vegetable,31.5,68,68,none,Sun,1,0,27.6,0.0,573,31.5,none,none
2025-08-17,onion,vegetable,35.9,79,107,none,Sun,1,0,27.6,0.0,573,35.0,none,none
2025-08-17,potato,vegetable,26.4,117,135,none,Sun,1,0,27.6,0.0,573,24.9,none,none
2025-08-17,spinach,vegetable,24.2,31,45,none,Sun,1,0,27.6,0.0,573,25.4,none,none
2025-08-17,cucumber,vegetable,28.4,37,37,none,Sun,1,0,27.6,0.0,573,29.4,none,none
2025-08-18,banana,fruit,40.0,16,105,none,Mon,0,0,32.5,55.9,245,40.7,none,none
2025-08-18,apple,fruit,121.8,13,42,none,Mon,0,0,32.5,55.9,245,123.9,none,none
2025-08-18,mango,fruit,85.4,1,23,none,Mon,0,0,32.5,55.9,245,80.3,none,none
2025-08-18,tomato,vegetable,29.0,22,58,none,Mon,0,0,32.5,55.9,245,28.5,none,none
2025-08-18,onion,vegetable,34.7,19,77,none,Mon,0,0,32.5,55.9,245,32.7,none,none
2025-08-18,potato,vegetable,25.8,22,87,none,Mon,0,0,32.5,55.9,245,24.5,none,none
2025-08-18,spinach,vegetable,22.8,7,40,loyalty,Mon,0,0,32.5,55.9,245,23.7,none,none
2025-08-18,cucumber,vegetable,29.6,5,45,bundle,Mon,0,0,32.5,55.9,245,29.1,none,none
2025-08-19,banana,fruit,36.2,108,109,discount,Tue,0,0,25.8,0.0,514,33.9,none,none
2025-08-19,apple,fruit,125.3,35,44,none,Tue,0,0,25.8,0.0,514,132.4,none,none
2025-08-19,mango,fruit,85.6,13,13,none,Tue,0,0,25.8,0.0,514,80.4,quality_issue,none
2025-08-19,tomato,vegetable,32.0,59,70,none,Tue,0,0,25.8,0.0,514,31.3,none,none
2025-08-19,onion,vegetable,37.0,61,108,none,Tue,0,0,25.8,0.0,514,34.7,none,none
2025-08-19,potato,vegetable,25.1,75,113,none,Tue,0,0,25.8,0.0,514,26.1,none,none
2025-08-19,spinach,vegetable,26.0,27,45,none,Tue,0,0,25.8,0.0,514,26.8,none,none
2025-08-19,cucumber,vegetable,30.0,28,42,none,Tue,0,0,25.8,0.0,514,31.1,none,none
2025-08-20,banana,fruit,43.7,67,94,none,Wed,0,0,26.7,7.2,474,41.5,none,none
2025-08-20,apple,fruit,117.5,37,61,none,Wed,0,0,26.7,7.2,474,126.0,none,none
2025-08-20,mango,fruit,85.5,9,22,none,Wed,0,0,26.7,7.2,474,91.7,none,none
2025-08-20,tomato,vegetable,29.8,43,79,none,Wed,0,0,26.7,7.2,474,27.8,none,none
2025-08-20,onion,vegetable,38.2,99,101,discount,Wed,0,0,26.7,7.2,474,40.0,none,none
2025-08-20,potato,vegetable,27.0,94,139,none,Wed,0,0,26.7,7.2,474,27.6,none,none
2025-08-20,spinach,vegetable,25.3,22,28,none,Wed,0,0,26.7,7.2,474,25.2,quality_issue,none
2025-08-20,cucumber,vegetable,27.3,31,49,none,Wed,0,0,26.7,7.2,474,27.1,none,none
2025-08-21,banana,fruit,40.3,62,115,none,Thu,0,0,30.2,0.0,502,41.3,none,none
2025-08-21,apple,fruit,119.1,38,48,none,Thu,0,0,30.2,0.0,502,128.4,none,none
2025-08-21,mango,fruit,79.7,15,15,discount,Thu,0,0,30.2,0.0,502,80.7,none,none
2025-08-21,tomato,vegetable,29.8,45,58,none,Thu,0,0,30.2,0.0,502,28.8,none,none
2025-08-21,onion,vegetable,38.2,72,72,discount,Thu,0,0,30.2,0.0,502,40.0,none,none
2025-08-21,potato,vegetable,27.4,98,135,none,Thu,0,0,30.2,0.0,502,28.5,none,none
2025-08-21,spinach,vegetable,24.4,27,30,none,Thu,0,0,30.2,0.0,502,22.6,none,none
2025-08-21,cucumber,vegetable,30.6,32,44,none,Thu,0,0,30.2,0.0,502,30.7,none,none
2025-08-22,banana,fruit,39.1,84,99,none,Fri,0,0,28.3,0.0,517,37.7,none,none
2025-08-22,apple,fruit,108.1,37,44,none,Fri,0,0,28.3,0.0,517,111.5,none,none
2025-08-22,mango,fruit,73.0,20,23,none,Fri,0,0,28.3,0.0,517,77.5,none,none
2025-08-22,tomato,vegetable,32.2,59,76,none,Fri,0,0,28.3,0.0,517,30.9,none,none
2025-08-22,onion,vegetable,36.4,72,72,none,Fri,0,0,28.3,0.0,517,34.6,none,none
2025-08-22,potato,vegetable,22.5,134,135,bundle,Fri,0,0,28.3,0.0,517,22.7,none,none
2025-08-22,spinach,vegetable,24.4,31,31,discount,Fri,0,0,28.3,0.0,517,22.5,none,none
2025-08-22,cucumber,vegetable,31.7,33,49,none,Fri,0,0,28.3,0.0,517,30.0,none,none
2025-08-23,banana,fruit,36.5,95,95,none,Sat,1,0,29.7,0.0,704,38.4,none,match_day
2025-08-23,apple,fruit,110.5,61,61,discount,Sat,1,0,29.7,0.0,704,116.8,none,match_day
2025-08-23,mango,fruit,83.7,15,15,none,Sat,1,0,29.7,0.0,704,89.2,none,match_day
2025-08-23,tomato,vegetable,31.5,84,84,none,Sat,1,0,29.7,0.0,704,30.0,none,match_day
2025-08-23,onion,vegetable,34.7,74,74,none,Sat,1,0,29.7,0.0,704,34.9,none,match_day
2025-08-23,potato,vegetable,24.8,96,96,none,Sat,1,0,29.7,0.0,704,22.8,none,match_day
2025-08-23,spinach,vegetable,25.5,35,35,none,Sat,1,0,29.7,0.0,704,25.2,none,match_day
2025-08-23,cucumber,vegetable,30.9,49,49,none,Sat,1,0,29.7,0.0,704,32.2,none,match_day
2025-08-24,banana,fruit,36.6,122,122,none,Sun,1,0,29.0,0.0,775,36.8,none,local_fair
2025-08-24,apple,fruit,127.7,55,55,none,Sun,1,0,29.0,0.0,775,118.3,none,local_fair
2025-08-24,mango,fruit,76.8,20,20,none,Sun,1,0,29.0,0.0,775,82.1,none,local_fair
2025-08-24,tomato,vegetable,29.9,86,86,none,Sun,1,0,29.0,0.0,775,27.7,none,local_fair
2025-08-24,onion,vegetable,33.8,93,93,none,Sun,1,0,29.0,0.0,775,33.6,none,local_fair
2025-08-24,potato,vegetable,25.0,116,116,bundle,Sun,1,0,29.0,0.0,775,23.3,none,local_fair
2025-08-24,spinach,vegetable,24.6,46,46,none,Sun,1,0,29.0,0.0,775,26.0,none,local_fair
2025-08-24,cucumber,vegetable,32.2,18,18,none,Sun,1,0,29.0,0.0,775,34.3,supplier_shortage,local_fair
2025-08-25,banana,fruit,43.8,53,88,none,Mon,0,0,29.1,0.0,471,41.6,none,none
2025-08-25,apple,fruit,120.4,33,49,none,Mon,0,0,29.1,0.0,471,117.7,none,none
2025-08-25,mango,fruit,74.1,12,21,none,Mon,0,0,29.1,0.0,471,79.7,none,none
2025-08-25,tomato,vegetable,32.0,40,70,none,Mon,0,0,29.1,0.0,471,31.6,none,none
2025-08-25,onion,vegetable,37.4,85,87,bundle,Mon,0,0,29.1,0.0,471,39.2,none,none
2025-08-25,potato,vegetable,25.2,80,89,none,Mon,0,0,29.1,0.0,471,27.0,none,none
2025-08-25,spinach,vegetable,23.2,25,30,none,Mon,0,0,29.1,0.0,471,25.0,none,none
2025-08-25,cucumber,vegetable,30.1,26,43,none,Mon,0,0,29.1,0.0,471,30.0,none,none
2025-08-26,banana,fruit,42.7,105,110,none,Tue,0,0,29.2,0.0,511,45.7,none,none
2025-08-26,apple,fruit,124.2,35,38,none,Tue,0,0,29.2,0.0,511,118.5,traffic_delay,none
2025-08-26,mango,fruit,72.8,15,23,none,Tue,0,0,29.2,0.0,511,78.4,none,none
2025-08-26,tomato,vegetable,31.0,68,69,none,Tue,0,0,29.2,0.0,511,32.5,none,none
2025-08-26,onion,vegetable,31.5,76,90,none,Tue,0,0,29.2,0.0,511,30.6,none,none
2025-08-26,potato,vegetable,23.6,75,107,none,Tue,0,0,29.2,0.0,511,22.0,none,none
2025-08-26,spinach,vegetable,26.8,25,36,none,Tue,0,0,29.2,0.0,511,26.9,none,none
2025-08-26,cucumber,vegetable,31.6,3,46,none,Tue,0,0,29.2,0.0,511,33.2,none,none
2025-08-27,banana,fruit,38.3,87,89,none,Wed,0,0,27.3,0.0,543,37.1,none,none
2025-08-27,apple,fruit,114.5,34,56,none,Wed,0,0,27.3,0.0,543,112.9,none,none
2025-08-27,mango,fruit,76.1,16,20,none,Wed,0,0,27.3,0.0,543,81.7,none,none
2025-08-27,tomato,vegetable,31.9,75,79,bundle,Wed,0,0,27.3,0.0,543,33.9,none,none
2025-08-27,onion,vegetable,33.4,75,100,none,Wed,0,0,27.3,0.0,543,35.1,none,none
2025-08-27,potato,vegetable,23.3,118,118,bundle,Wed,0,0,27.3,0.0,543,24.2,none,none
2025-08-27,spinach,vegetable,25.0,35,40,none,Wed,0,0,27.3,0.0,543,27.0,none,none
2025-08-27,cucumber,vegetable,32.9,24,48,none,Wed,0,0,27.3,0.0,543,30.9,none,none
2025-08-28,banana,fruit,37.9,84,115,discount,Thu,0,0,28.8,3.1,432,38.1,none,none
2025-08-28,apple,fruit,121.4,32,54,none,Thu,0,0,28.8,3.1,432,125.9,none,none
2025-08-28,mango,fruit,75.2,10,21,none,Thu,0,0,28.8,3.1,432,75.6,none,none
2025-08-28,tomato,vegetable,29.4,57,66,none,Thu,0,0,28.8,3.1,432,27.8,none,none
2025-08-28,onion,vegetable,32.1,61,93,none,Thu,0,0,28.8,3.1,432,33.4,none,none
2025-08-28,potato,vegetable,22.9,106,106,discount,Thu,0,0,28.8,3.1,432,24.5,none,none
2025-08-28,spinach,vegetable,27.1,24,38,none,Thu,0,0,28.8,3.1,432,27.1,none,none
2025-08-28,cucumber,vegetable,31.7,24,51,none,Thu,0,0,28.8,3.1,432,30.7,none,none
2025-08-29,banana,fruit,40.9,98,100,none,Fri,0,0,25.5,0.0,523,42.6,none,none
2025-08-29,apple,fruit,109.6,39,47,none,Fri,0,0,25.5,0.0,523,101.3,none,none
2025-08-29,mango,fruit,73.7,15,18,none,Fri,0,0,25.5,0.0,523,75.4,none,none
2025-08-29,tomato,vegetable,29.8,60,86,none,Fri,0,0,25.5,0.0,523,27.7,none,none
2025-08-29,onion,vegetable,31.9,73,96,none,Fri,0,0,25.5,0.0,523,31.9,none,none
2025-08-29,potato,vegetable,25.1,97,120,none,Fri,0,0,25.5,0.0,523,24.8,none,none
2025-08-29,spinach,vegetable,26.2,31,44,none,Fri,0,0,25.5,0.0,523,27.3,none,none
2025-08-29,cucumber,vegetable,30.2,36,36,discount,Fri,0,0,25.5,0.0,523,28.8,none,none
2025-08-30,banana,fruit,39.0,100,100,none,Sat,1,0,27.5,0.0,574,38.3,none,none
2025-08-30,apple,fruit,118.5,49,55,none,Sat,1,0,27.5,0.0,574,113.8,none,none
2025-08-30,mango,fruit,86.3,18,20,none,Sat,1,0,27.5,0.0,574,88.2,none,none
2025-08-30,tomato,vegetable,27.5,59,59,none,Sat,1,0,27.5,0.0,574,28.5,none,none
2025-08-30,onion,vegetable,33.9,80,80,none,Sat,1,0,27.5,0.0,574,35.4,none,none
2025-08-30,potato,vegetable,22.6,101,101,none,Sat,1,0,27.5,0.0,574,21.1,none,none
2025-08-30,spinach,vegetable,23.5,36,36,none,Sat,1,0,27.5,0.0,574,22.1,none,none
2025-08-30,cucumber,vegetable,32.9,40,40,none,Sat,1,0,27.5,0.0,574,33.4,none,none
2025-08-31,banana,fruit,37.6,83,83,none,Sun,1,0,25.7,3.5,514,39.9,none,none
2025-08-31,apple,fruit,130.1,42,59,none,Sun,1,0,25.7,3.5,514,124.9,none,none
2025-08-31,mango,fruit,87.8,16,19,none,Sun,1,0,25.7,3.5,514,93.9,none,none
2025-08-31,tomato,vegetable,30.0,65,65,none,Sun,1,0,25.7,3.5,514,31.6,none,none
2025-08-31,onion,vegetable,36.0,90,104,none,Sun,1,0,25.7,3.5,514,37.5,none,none
2025-08-31,potato,vegetable,23.0,140,140,discount,Sun,1,0,25.7,3.5,514,22.6,none,none
2025-08-31,spinach,vegetable,25.3,30,43,none,Sun,1,0,25.7,3.5,514,23.3,none,none
2025-08-31,cucumber,vegetable,29.0,41,41,none,Sun,1,0,25.7,3.5,514,27.4,none,none
2025-09-01,banana,fruit,36.7,93,115,bundle,Mon,0,0,26.5,0.0,494,37.2,none,none
2025-09-01,apple,fruit,127.3,31,55,none,Mon,0,0,26.5,0.0,494,122.6,none,none
2025-09-01,mango,fruit,84.6,15,21,discount,Mon,0,0,26.5,0.0,494,84.8,none,none
2025-09-01,tomato,vegetable,32.6,76,94,none,Mon,0,0,26.5,0.0,494,33.3,none,none
2025-09-01,onion,vegetable,34.2,60,102,none,Mon,0,0,26.5,0.0,494,34.6,none,none
2025-09-01,potato,vegetable,25.1,101,101,discount,Mon,0,0,26.5,0.0,494,24.3,none,none
2025-09-01,spinach,vegetable,26.5,25,32,none,Mon,0,0,26.5,0.0,494,26.3,none,none
2025-09-01,cucumber,vegetable,28.0,26,50,none,Mon,0,0,26.5,0.0,494,28.5,none,none
2025-09-02,banana,fruit,39.9,12,80,none,Tue,0,0,27.0,55.8,239,36.9,none,none
2025-09-02,apple,fruit,129.6,3,47,none,Tue,0,0,27.0,55.8,239,119.7,none,none
2025-09-02,mango,fruit,75.2,3,20,none,Tue,0,0,27.0,55.8,239,76.0,none,none
2025-09-02,tomato,vegetable,28.5,22,66,none,Tue,0,0,27.0,55.8,239,30.1,none,none
2025-09-02,onion,vegetable,34.7,21,71,none,Tue,0,0,27.0,55.8,239,34.6,none,none
2025-09-02,potato,vegetable,25.8,15,109,none,Tue,0,0,27.0,55.8,239,26.0,none,none
2025-09-02,spinach,vegetable,23.3,9,33,none,Tue,0,0,27.0,55.8,239,22.7,none,none
2025-09-02,cucumber,vegetable,29.7,8,39,none,Tue,0,0,27.0,55.8,239,32.0,none,none
2025-09-03,banana,fruit,37.6,82,123,none,Wed,0,0,27.0,0.0,510,37.7,none,none
2025-09-03,apple,fruit,120.8,43,60,none,Wed,0,0,27.0,0.0,510,114.2,none,none
2025-09-03,mango,fruit,87.7,13,17,none,Wed,0,0,27.0,0.0,510,82.7,none,none
2025-09-03,tomato,vegetable,32.3,61,61,none,Wed,0,0,27.0,0.0,510,33.9,none,none
2025-09-03,onion,vegetable,32.7,80,94,none,Wed,0,0,27.0,0.0,510,34.7,none,none
2025-09-03,potato,vegetable,23.4,124,126,none,Wed,0,0,27.0,0.0,510,24.7,none,none
2025-09-03,spinach,vegetable,26.6,25,37,none,Wed,0,0,27.0,0.0,510,26.4,none,none
2025-09-03,cucumber,vegetable,28.4,34,36,none,Wed,0,0,27.0,0.0,510,26.8,none,none
2025-09-04,banana,fruit,38.6,89,109,none,Thu,0,0,29.5,0.0,498,39.8,none,none
2025-09-04,apple,fruit,114.7,34,58,none,Thu,0,0,29.5,0.0,498,117.3,none,none
2025-09-04,mango,fruit,85.9,14,23,none,Thu,0,0,29.5,0.0,498,89.6,none,none
2025-09-04,tomato,vegetable,27.7,66,78,none,Thu,0,0,29.5,0.0,498,27.5,none,none
2025-09-04,onion,vegetable,36.7,69,69,none,Thu,0,0,29.5,0.0,498,39.2,none,none
2025-09-04,potato,vegetable,26.5,73,127,none,Thu,0,0,29.5,0.0,498,24.5,none,none
2025-09-04,spinach,vegetable,26.0,3,31,none,Thu,0,0,29.5,0.0,498,26.2,none,none
2025-09-04,cucumber,vegetable,28.8,33,40,none,Thu,0,0,29.5,0.0,498,29.9,none,none
2025-09-05,banana,fruit,42.3,54,54,none,Fri,0,0,28.7,0.0,461,42.8,quality_issue,none
2025-09-05,apple,fruit,128.8,34,39,none,Fri,0,0,28.7,0.0,461,119.8,none,none
2025-09-05,mango,fruit,77.5,15,16,loyalty,Fri,0,0,28.7,0.0,461,73.3,none,none
2025-09-05,tomato,vegetable,32.8,83,86,none,Fri,0,0,28.7,0.0,461,31.6,none,none
2025-09-05,onion,vegetable,31.5,63,105,none,Fri,0,0,28.7,0.0,461,29.2,none,none
2025-09-05,potato,vegetable,24.8,89,120,none,Fri,0,0,28.7,0.0,461,24.6,none,none
2025-09-05,spinach,vegetable,26.7,22,30,none,Fri,0,0,28.7,0.0,461,28.2,none,none
2025-09-05,cucumber,vegetable,31.9,40,40,discount,Fri,0,0,28.7,0.0,461,32.1,none,none
2025-09-06,banana,fruit,38.4,105,109,none,Sat,1,0,26.7,0.0,592,39.7,none,none
2025-09-06,apple,fruit,109.4,18,18,none,Sat,1,0,26.7,0.0,592,111.2,supplier_shortage,none
2025-09-06,mango,fruit,73.1,12,21,none,Sat,1,0,26.7,0.0,592,68.2,none,none
2025-09-06,tomato,vegetable,27.1,79,79,none,Sat,1,0,26.7,0.0,592,27.7,none,none
2025-09-06,onion,vegetable,32.5,90,90,none,Sat,1,0,26.7,0.0,592,30.0,none,none
2025-09-06,potato,vegetable,23.1,89,89,none,Sat,1,0,26.7,0.0,592,23.3,none,none
2025-09-06,spinach,vegetable,23.9,41,41,none,Sat,1,0,26.7,0.0,592,23.2,none,none
2025-09-06,cucumber,vegetable,29.6,48,53,none,Sat,1,0,26.7,0.0,592,28.7,none,none
2025-09-07,banana,fruit,41.2,78,78,none,Sun,1,0,28.3,0.0,546,42.1,none,none
2025-09-07,apple,fruit,113.2,44,47,none,Sun,1,0,28.3,0.0,546,122.0,none,none
2025-09-07,mango,fruit,74.2,11,12,none,Sun,1,0,28.3,0.0,546,69.4,quality_issue,none
2025-09-07,tomato,vegetable,32.0,62,62,none,Sun,1,0,28.3,0.0,546,31.3,none,none
2025-09-07,onion,vegetable,35.7,71,71,none,Sun,1,0,28.3,0.0,546,33.7,none,none
2025-09-07,potato,vegetable,24.3,118,132,none,Sun,1,0,28.3,0.0,546,25.6,none,none
2025-09-07,spinach,vegetable,26.7,30,33,none,Sun,1,0,28.3,0.0,546,26.9,none,none
2025-09-07,cucumber,vegetable,31.8,40,40,none,Sun,1,0,28.3,0.0,546,31.6,none,none
2025-09-08,banana,fruit,41.4,63,80,none,Mon,0,0,27.7,8.6,447,41.2,none,none
2025-09-08,apple,fruit,126.1,38,41,none,Mon,0,0,27.7,8.6,447,125.9,none,none
2025-09-08,mango,fruit,83.6,13,18,none,Mon,0,0,27.7,8.6,447,88.9,none,none
2025-09-08,tomato,vegetable,33.0,49,75,none,Mon,0,0,27.7,8.6,447,30.7,none,none
2025-09-08,onion,vegetable,38.0,47,56,none,Mon,0,0,27.7,8.6,447,35.1,quality_issue,none
2025-09-08,potato,vegetable,24.0,59,94,none,Mon,0,0,27.7,8.6,447,23.5,none,none
2025-09-08,spinach,vegetable,24.0,21,44,loyalty,Mon,0,0,27.7,8.6,447,22.1,none,none
2025-09-08,cucumber,vegetable,31.6,25,47,none,Mon,0,0,27.7,8.6,447,33.3,none,none
2025-09-09,banana,fruit,43.6,75,80,none,Tue,0,0,26.5,0.0,490,43.8,none,none
2025-09-09,apple,fruit,117.7,29,40,none,Tue,0,0,26.5,0.0,490,113.8,none,none
2025-09-09,mango,fruit,77.1,12,23,none,Tue,0,0,26.5,0.0,490,76.8,none,none
2025-09-09,tomato,vegetable,30.0,83,90,none,Tue,0,0,26.5,0.0,490,29.8,none,none
2025-09-09,onion,vegetable,37.3,58,97,none,Tue,0,0,26.5,0.0,490,39.1,none,none
2025-09-09,potato,vegetable,23.2,85,102,none,Tue,0,0,26.5,0.0,490,23.7,none,none
2025-09-09,spinach,vegetable,26.1,17,17,none,Tue,0,0,26.5,0.0,490,26.5,supplier_shortage,none
2025-09-09,cucumber,vegetable,30.4,33,36,loyalty,Tue,0,0,26.5,0.0,490,32.2,none,none
2025-09-10,banana,fruit,43.0,80,89,none,Wed,0,0,27.7,0.0,542,40.8,none,none
2025-09-10,apple,fruit,119.4,36,45,none,Wed,0,0,27.7,0.0,542,122.0,none,none
2025-09-10,mango,fruit,84.3,14,20,none,Wed,0,0,27.7,0.0,542,77.6,none,none
2025-09-10,tomato,vegetable,32.2,71,71,none,Wed,0,0,27.7,0.0,542,33.4,none,none
2025-09-10,onion,vegetable,36.3,69,69,none,Wed,0,0,27.7,0.0,542,36.1,none,none
2025-09-10,potato,vegetable,25.2,121,129,bundle,Wed,0,0,27.7,0.0,542,23.6,none,none
2025-09-10,spinach,vegetable,23.8,32,45,none,Wed,0,0,27.7,0.0,542,24.7,none,none
2025-09-10,cucumber,vegetable,28.3,34,39,none,Wed,0,0,27.7,0.0,542,26.6,none,none
2025-09-11,banana,fruit,41.3,77,104,none,Thu,0,0,25.0,5.0,465,41.6,none,none
2025-09-11,apple,fruit,111.7,43,43,none,Thu,0,0,25.0,5.0,465,118.8,none,none
2025-09-11,mango,fruit,81.3,14,20,none,Thu,0,0,25.0,5.0,465,87.7,none,none
2025-09-11,tomato,vegetable,30.7,84,84,none,Thu,0,0,25.0,5.0,465,32.6,none,none
2025-09-11,onion,vegetable,32.6,61,105,none,Thu,0,0,25.0,5.0,465,33.3,none,none
2025-09-11,potato,vegetable,26.0,86,124,none,Thu,0,0,25.0,5.0,465,27.8,none,none
2025-09-11,spinach,vegetable,24.3,40,42,discount,Thu,0,0,25.0,5.0,465,26.0,none,none
2025-09-11,cucumber,vegetable,29.9,34,52,none,Thu,0,0,25.0,5.0,465,31.8,none,none
2025-09-12,banana,fruit,37.8,92,102,none,Fri,0,0,21.5,0.0,509,37.6,none,none
2025-09-12,apple,fruit,127.0,17,17,none,Fri,0,0,21.5,0.0,509,135.3,supplier_shortage,none
2025-09-12,mango,fruit,76.0,15,21,none,Fri,0,0,21.5,0.0,509,77.7,none,none
2025-09-12,tomato,vegetable,27.1,58,58,none,Fri,0,0,21.5,0.0,509,26.5,none,none
2025-09-12,onion,vegetable,34.5,71,71,none,Fri,0,0,21.5,0.0,509,31.9,none,none
2025-09-12,potato,vegetable,27.1,97,108,none,Fri,0,0,21.5,0.0,509,29.2,none,none
2025-09-12,spinach,vegetable,25.4,38,46,none,Fri,0,0,21.5,0.0,509,24.8,none,none
2025-09-12,cucumber,vegetable,28.1,32,39,none,Fri,0,0,21.5,0.0,509,30.0,none,none
2025-09-13,banana,fruit,43.6,110,120,none,Sat,1,0,27.5,0.0,576,46.3,none,none
2025-09-13,apple,fruit,116.0,43,43,none,Sat,1,0,27.5,0.0,576,122.6,none,none
2025-09-13,mango,fruit,85.0,18,18,none,Sat,1,0,27.5,0.0,576,89.6,none,none
2025-09-13,tomato,vegetable,29.6,11,68,none,Sat,1,0,27.5,0.0,576,27.4,none,none
2025-09-13,onion,vegetable,33.1,95,108,none,Sat,1,0,27.5,0.0,576,32.1,none,none
2025-09-13,potato,vegetable,24.1,103,103,none,Sat,1,0,27.5,0.0,576,24.9,none,none
2025-09-13,spinach,vegetable,27.4,35,43,none,Sat,1,0,27.5,0.0,576,28.5,none,none
2025-09-13,cucumber,vegetable,30.5,42,50,none,Sat,1,0,27.5,0.0,576,32.7,none,none
2025-09-14,banana,fruit,41.7,91,110,none,Sun,1,0,28.2,0.0,576,41.4,none,none
2025-09-14,apple,fruit,127.4,45,45,none,Sun,1,0,28.2,0.0,576,121.2,none,none
2025-09-14,mango,fruit,74.6,18,18,none,Sun,1,0,28.2,0.0,576,78.0,none,none
2025-09-14,tomato,vegetable,32.1,32,32,none,Sun,1,0,28.2,0.0,576,30.0,supplier_shortage,none
2025-09-14,onion,vegetable,32.3,87,87,none,Sun,1,0,28.2,0.0,576,34.7,none,none
2025-09-14,potato,vegetable,25.9,117,130,none,Sun,1,0,28.2,0.0,576,26.4,none,none
2025-09-14,spinach,vegetable,27.4,37,44,none,Sun,1,0,28.2,0.0,576,28.0,none,none
2025-09-14,cucumber,vegetable,32.6,42,42,discount,Sun,1,0,28.2,0.0,576,32.2,none,none
2025-09-15,banana,fruit,36.9,77,112,none,Mon,0,0,25.5,0.0,479,38.6,none,none
2025-09-15,apple,fruit,121.1,41,41,discount,Mon,0,0,25.5,0.0,479,130.4,none,none
2025-09-15,mango,fruit,80.3,11,20,none,Mon,0,0,25.5,0.0,479,83.4,none,none
2025-09-15,tomato,vegetable,29.6,60,60,none,Mon,0,0,25.5,0.0,479,30.5,none,none
2025-09-15,onion,vegetable,35.4,68,83,none,Mon,0,0,25.5,0.0,479,35.1,none,none
2025-09-15,potato,vegetable,25.6,111,111,discount,Mon,0,0,25.5,0.0,479,24.4,none,none
2025-09-15,spinach,vegetable,25.6,28,30,none,Mon,0,0,25.5,0.0,479,25.1,none,none
2025-09-15,cucumber,vegetable,31.5,32,44,none,Mon,0,0,25.5,0.0,479,30.6,none,none
2025-09-16,banana,fruit,42.5,75,108,none,Tue,0,0,26.4,0.0,503,39.4,none,none
2025-09-16,apple,fruit,109.5,27,27,none,Tue,0,0,26.4,0.0,503,108.8,quality_issue,none
2025-09-16,mango,fruit,86.9,13,22,none,Tue,0,0,26.4,0.0,503,87.5,none,none
2025-09-16,tomato,vegetable,29.2,60,60,none,Tue,0,0,26.4,0.0,503,31.2,none,none
2025-09-16,onion,vegetable,35.9,54,86,none,Tue,0,0,26.4,0.0,503,34.5,none,none
2025-09-16,potato,vegetable,22.8,86,137,none,Tue,0,0,26.4,0.0,503,24.0,none,none
2025-09-16,spinach,vegetable,27.1,26,38,none,Tue,0,0,26.4,0.0,503,25.4,none,none
2025-09-16,cucumber,vegetable,27.4,33,37,none,Tue,0,0,26.4,0.0,503,26.0,none,none
2025-09-17,banana,fruit,38.5,46,115,none,Wed,0,0,27.8,26.2,352,41.0,none,none
2025-09-17,apple,fruit,121.3,8,48,none,Wed,0,0,27.8,26.2,352,121.4,none,none
2025-09-17,mango,fruit,81.8,5,18,none,Wed,0,0,27.8,26.2,352,77.4,none,none
2025-09-17,tomato,vegetable,28.0,42,76,bundle,Wed,0,0,27.8,26.2,352,26.1,none,none
2025-09-17,onion,vegetable,35.8,24,89,none,Wed,0,0,27.8,26.2,352,34.3,none,none
2025-09-17,potato,vegetable,24.6,39,109,none,Wed,0,0,27.8,26.2,352,24.8,none,none
2025-09-17,spinach,vegetable,25.7,11,44,none,Wed,0,0,27.8,26.2,352,25.8,none,none
2025-09-17,cucumber,vegetable,28.2,11,52,none,Wed,0,0,27.8,26.2,352,28.2,none,none
2025-09-18,banana,fruit,42.6,72,117,none,Thu,0,0,31.0,0.0,483,44.9,none,none
2025-09-18,apple,fruit,128.5,40,43,none,Thu,0,0,31.0,0.0,483,136.4,none,none
2025-09-18,mango,fruit,78.2,14,22,none,Thu,0,0,31.0,0.0,483,78.7,none,none
2025-09-18,tomato,vegetable,33.0,73,73,discount,Thu,0,0,31.0,0.0,483,33.3,none,none
2025-09-18,onion,vegetable,36.5,63,95,none,Thu,0,0,31.0,0.0,483,33.6,none,none
2025-09-18,potato,vegetable,25.2,51,51,none,Thu,0,0,31.0,0.0,483,23.5,supplier_shortage,none
2025-09-18,spinach,vegetable,25.9,29,31,none,Thu,0,0,31.0,0.0,483,26.4,none,none
2025-09-18,cucumber,vegetable,31.6,41,53,none,Thu,0,0,31.0,0.0,483,32.1,none,none
2025-09-19,banana,fruit,39.4,78,87,none,Fri,0,0,27.9,0.0,484,42.0,none,none
2025-09-19,apple,fruit,124.6,45,45,none,Fri,0,0,27.9,0.0,484,119.9,none,none
2025-09-19,mango,fruit,75.5,15,21,none,Fri,0,0,27.9,0.0,484,76.7,none,none
2025-09-19,tomato,vegetable,29.2,79,83,none,Fri,0,0,27.9,0.0,484,28.9,none,none
2025-09-19,onion,vegetable,31.8,76,91,none,Fri,0,0,27.9,0.0,484,32.6,none,none
2025-09-19,potato,vegetable,25.4,86,100,none,Fri,0,0,27.9,0.0,484,23.6,none,none
2025-09-19,spinach,vegetable,26.8,26,43,none,Fri,0,0,27.9,0.0,484,28.9,none,none
2025-09-19,cucumber,vegetable,28.9,31,45,none,Fri,0,0,27.9,0.0,484,29.6,none,none
2025-09-20,banana,fruit,39.5,102,113,none,Sat,1,0,28.2,8.9,546,40.8,none,none
2025-09-20,apple,fruit,116.2,46,61,none,Sat,1,0,28.2,8.9,546,116.7,none,none
2025-09-20,mango,fruit,78.0,20,20,discount,Sat,1,0,28.2,8.9,546,83.5,none,none
2025-09-20,tomato,vegetable,30.8,63,63,none,Sat,1,0,28.2,8.9,546,31.3,none,none
2025-09-20,onion,vegetable,36.4,65,65,none,Sat,1,0,28.2,8.9,546,38.4,traffic_delay,none
2025-09-20,potato,vegetable,23.3,108,108,none,Sat,1,0,28.2,8.9,546,23.6,none,none
2025-09-20,spinach,vegetable,24.6,29,29,none,Sat,1,0,28.2,8.9,546,23.0,none,none
2025-09-20,cucumber,vegetable,32.3,39,52,none,Sat,1,0,28.2,8.9,546,30.7,none,none
2025-09-21,banana,fruit,36.6,93,95,none,Sun,1,0,25.6,0.0,600,34.9,none,none
2025-09-21,apple,fruit,126.2,51,62,none,Sun,1,0,25.6,0.0,600,135.6,none,none
2025-09-21,mango,fruit,74.1,16,16,none,Sun,1,0,25.6,0.0,600,71.2,none,none
2025-09-21,tomato,vegetable,29.9,61,61,none,Sun,1,0,25.6,0.0,600,29.0,none,none
2025-09-21,onion,vegetable,35.9,73,73,none,Sun,1,0,25.6,0.0,600,34.6,none,none
2025-09-21,potato,vegetable,24.8,109,109,none,Sun,1,0,25.6,0.0,600,25.7,none,none
2025-09-21,spinach,vegetable,25.2,34,34,none,Sun,1,0,25.6,0.0,600,26.6,none,none
2025-09-21,cucumber,vegetable,32.0,43,44,none,Sun,1,0,25.6,0.0,600,31.3,none,none
2025-09-22,banana,fruit,40.4,18,88,none,Mon,0,0,28.5,57.8,253,39.6,none,none
2025-09-22,apple,fruit,112.4,4,44,none,Mon,0,0,28.5,57.8,253,118.3,none,none
2025-09-22,mango,fruit,80.9,3,15,none,Mon,0,0,28.5,57.8,253,85.4,none,none
2025-09-22,tomato,vegetable,28.6,19,67,none,Mon,0,0,28.5,57.8,253,26.3,none,none
2025-09-22,onion,vegetable,37.9,16,88,none,Mon,0,0,28.5,57.8,253,35.1,none,none
2025-09-22,potato,vegetable,26.3,16,112,none,Mon,0,0,28.5,57.8,253,24.8,none,none
2025-09-22,spinach,vegetable,25.7,12,21,none,Mon,0,0,28.5,57.8,253,24.6,traffic_delay,none
2025-09-22,cucumber,vegetable,32.6,8,52,none,Mon,0,0,28.5,57.8,253,35.2,none,none
2025-09-23,banana,fruit,40.5,79,79,none,Tue,0,0,21.2,0.0,539,41.5,none,none
2025-09-23,apple,fruit,126.0,41,46,none,Tue,0,0,21.2,0.0,539,124.6,none,none
2025-09-23,mango,fruit,72.7,13,17,none,Tue,0,0,21.2,0.0,539,74.3,none,none
2025-09-23,tomato,vegetable,32.5,70,70,none,Tue,0,0,21.2,0.0,539,31.7,none,none
2025-09-23,onion,vegetable,33.4,69,101,none,Tue,0,0,21.2,0.0,539,31.5,none,none
2025-09-23,potato,vegetable,23.3,92,97,none,Tue,0,0,21.2,0.0,539,22.3,none,none
2025-09-23,spinach,vegetable,23.4,23,45,none,Tue,0,0,21.2,0.0,539,21.5,none,none
2025-09-23,cucumber,vegetable,31.7,37,53,none,Tue,0,0,21.2,0.0,539,31.5,none,none
2025-09-24,banana,fruit,40.8,90,122,none,Wed,0,0,24.5,0.0,487,43.2,none,none
2025-09-24,apple,fruit,130.8,26,55,none,Wed,0,0,24.5,0.0,487,123.2,none,none
2025-09-24,mango,fruit,85.1,14,14,discount,Wed,0,0,24.5,0.0,487,86.0,quality_issue,none
2025-09-24,tomato,vegetable,30.5,61,61,bundle,Wed,0,0,24.5,0.0,487,30.3,none,none
2025-09-24,onion,vegetable,32.7,72,72,bundle,Wed,0,0,24.5,0.0,487,33.1,none,none
2025-09-24,potato,vegetable,24.7,85,139,none,Wed,0,0,24.5,0.0,487,24.1,none,none
2025-09-24,spinach,vegetable,25.4,26,33,none,Wed,0,0,24.5,0.0,487,24.8,none,none
2025-09-24,cucumber,vegetable,29.0,32,51,none,Wed,0,0,24.5,0.0,487,27.7,none,none
2025-09-25,banana,fruit,36.9,83,122,none,Thu,0,0,25.0,0.0,524,39.5,none,none
2025-09-25,apple,fruit,131.3,40,54,none,Thu,0,0,25.0,0.0,524,132.6,none,none
2025-09-25,mango,fruit,82.6,15,23,none,Thu,0,0,25.0,0.0,524,77.0,none,none
2025-09-25,tomato,vegetable,27.6,67,67,none,Thu,0,0,25.0,0.0,524,27.0,none,none
2025-09-25,onion,vegetable,37.3,74,74,discount,Thu,0,0,25.0,0.0,524,34.6,none,none
2025-09-25,potato,vegetable,23.6,111,138,none,Thu,0,0,25.0,0.0,524,25.1,none,none
2025-09-25,spinach,vegetable,26.3,32,36,none,Thu,0,0,25.0,0.0,524,26.4,none,none
2025-09-25,cucumber,vegetable,29.6,37,51,none,Thu,0,0,25.0,0.0,524,29.0,none,none
2025-09-26,banana,fruit,41.8,43,96,none,Fri,0,0,29.8,4.9,435,40.8,none,none
2025-09-26,apple,fruit,114.4,37,57,none,Fri,0,0,29.8,4.9,435,123.4,none,none
2025-09-26,mango,fruit,75.6,13,20,none,Fri,0,0,29.8,4.9,435,73.3,none,none
2025-09-26,tomato,vegetable,32.4,65,85,none,Fri,0,0,29.8,4.9,435,30.2,none,none
2025-09-26,onion,vegetable,33.1,73,73,bundle,Fri,0,0,29.8,4.9,435,35.1,none,none
2025-09-26,potato,vegetable,25.4,88,88,discount,Fri,0,0,29.8,4.9,435,23.4,none,none
2025-09-26,spinach,vegetable,26.0,23,34,none,Fri,0,0,29.8,4.9,435,25.0,none,none
2025-09-26,cucumber,vegetable,28.3,40,51,discount,Fri,0,0,29.8,4.9,435,27.1,none,none
2025-09-27,banana,fruit,40.6,28,85,none,Sat,1,0,23.8,48.9,285,42.6,none,none
2025-09-27,apple,fruit,108.8,7,40,none,Sat,1,0,23.8,48.9,285,106.9,none,none
2025-09-27,mango,fruit,75.7,7,17,none,Sat,1,0,23.8,48.9,285,74.6,none,none
2025-09-27,tomato,vegetable,31.0,31,71,none,Sat,1,0,23.8,48.9,285,29.9,none,none
2025-09-27,onion,vegetable,35.5,13,95,none,Sat,1,0,23.8,48.9,285,37.6,none,none
2025-09-27,potato,vegetable,23.5,54,132,none,Sat,1,0,23.8,48.9,285,25.1,none,none
2025-09-27,spinach,vegetable,24.9,11,13,none,Sat,1,0,23.8,48.9,285,24.9,supplier_shortage,none
2025-09-27,cucumber,vegetable,27.8,2,54,discount,Sat,1,0,23.8,48.9,285,26.3,none,none
2025-09-28,banana,fruit,37.5,85,125,none,Sun,1,0,26.3,9.3,497,38.1,none,none
2025-09-28,apple,fruit,119.6,59,59,bundle,Sun,1,0,26.3,9.3,497,124.9,none,none
2025-09-28,mango,fruit,72.4,15,16,none,Sun,1,0,26.3,9.3,497,70.8,none,none
2025-09-28,tomato,vegetable,32.1,63,63,none,Sun,1,0,26.3,9.3,497,34.6,none,none
2025-09-28,onion,vegetable,32.1,74,99,none,Sun,1,0,26.3,9.3,497,34.3,none,none
2025-09-28,potato,vegetable,25.3,86,86,none,Sun,1,0,26.3,9.3,497,24.7,traffic_delay,none
2025-09-28,spinach,vegetable,23.1,30,43,none,Sun,1,0,26.3,9.3,497,21.3,none,none
2025-09-28,cucumber,vegetable,30.4,41,54,discount,Sun,1,0,26.3,9.3,497,30.5,none,none
2025-09-29,banana,fruit,38.6,24,116,none,Mon,0,0,27.8,19.3,352,37.4,none,none
2025-09-29,apple,fruit,124.6,24,52,none,Mon,0,0,27.8,19.3,352,128.6,none,none
2025-09-29,mango,fruit,76.6,7,15,none,Mon,0,0,27.8,19.3,352,75.9,none,none
2025-09-29,tomato,vegetable,27.6,30,60,none,Mon,0,0,27.8,19.3,352,28.0,none,none
2025-09-29,onion,vegetable,33.7,48,78,discount,Mon,0,0,27.8,19.3,352,34.3,none,none
2025-09-29,potato,vegetable,25.3,51,124,none,Mon,0,0,27.8,19.3,352,24.7,none,none
2025-09-29,spinach,vegetable,25.9,13,35,bundle,Mon,0,0,27.8,19.3,352,25.5,none,none
2025-09-29,cucumber,vegetable,29.0,13,35,none,Mon,0,0,27.8,19.3,352,29.0,none,none
2025-09-30,banana,fruit,43.5,48,116,none,Tue,0,0,22.5,6.1,460,44.5,none,none
2025-09-30,apple,fruit,117.6,30,52,none,Tue,0,0,22.5,6.1,460,114.6,none,none
2025-09-30,mango,fruit,81.2,16,22,discount,Tue,0,0,22.5,6.1,460,79.2,none,none
2025-09-30,tomato,vegetable,27.9,68,68,none,Tue,0,0,22.5,6.1,460,26.3,none,none
2025-09-30,onion,vegetable,37.0,96,102,discount,Tue,0,0,22.5,6.1,460,35.7,none,none
2025-09-30,potato,vegetable,22.7,80,125,none,Tue,0,0,22.5,6.1,460,22.4,none,none
2025-09-30,spinach,vegetable,22.6,23,46,none,Tue,0,0,22.5,6.1,460,24.3,none,none
2025-09-30,cucumber,vegetable,29.3,19,47,none,Tue,0,0,22.5,6.1,460,27.2,none,none
2025-10-01,banana,fruit,42.3,64,107,none,Wed,0,0,23.6,11.7,342,43.0,none,none
2025-10-01,apple,fruit,109.4,21,43,none,Wed,0,0,23.6,11.7,342,111.2,none,none
2025-10-01,mango,fruit,75.2,10,16,discount,Wed,0,0,23.6,11.7,342,73.8,none,none
2025-10-01,tomato,vegetable,30.4,42,60,none,Wed,0,0,23.6,11.7,342,30.7,none,none
2025-10-01,onion,vegetable,36.0,45,90,discount,Wed,0,0,23.6,11.7,342,33.4,none,none
2025-10-01,potato,vegetable,23.2,65,138,none,Wed,0,0,23.6,11.7,342,22.8,none,none
2025-10-01,spinach,vegetable,24.6,11,38,none,Wed,0,0,23.6,11.7,342,22.7,none,none
2025-10-01,cucumber,vegetable,27.6,18,39,none,Wed,0,0,23.6,11.7,342,26.2,none,none
2025-10-02,banana,fruit,43.8,96,96,none,Thu,0,1,22.8,0.0,735,41.6,none,none
2025-10-02,apple,fruit,127.3,58,58,none,Thu,0,1,22.8,0.0,735,134.8,none,none
2025-10-02,mango,fruit,82.8,16,16,none,Thu,0,1,22.8,0.0,735,81.4,none,none
2025-10-02,tomato,vegetable,29.1,65,65,none,Thu,0,1,22.8,0.0,735,29.9,none,none
2025-10-02,onion,vegetable,33.0,91,91,none,Thu,0,1,22.8,0.0,735,34.3,none,none
2025-10-02,potato,vegetable,25.3,124,124,none,Thu,0,1,22.8,0.0,735,26.5,none,none
2025-10-02,spinach,vegetable,23.9,38,38,none,Thu,0,1,22.8,0.0,735,22.0,none,none
2025-10-02,cucumber,vegetable,29.8,37,37,none,Thu,0,1,22.8,0.0,735,27.9,none,none
2025-10-03,banana,fruit,40.6,66,121,none,Fri,0,0,24.7,8.3,456,38.5,none,none
2025-10-03,apple,fruit,122.8,28,49,none,Fri,0,0,24.7,8.3,456,114.6,none,none
2025-10-03,mango,fruit,85.0,12,18,none,Fri,0,0,24.7,8.3,456,78.4,none,none
2025-10-03,tomato,vegetable,33.0,84,91,none,Fri,0,0,24.7,8.3,456,34.2,none,none
2025-10-03,onion,vegetable,33.0,78,78,none,Fri,0,0,24.7,8.3,456,31.1,none,none
2025-10-03,potato,vegetable,24.6,80,103,none,Fri,0,0,24.7,8.3,456,23.5,none,none
2025-10-03,spinach,vegetable,26.3,28,43,none,Fri,0,0,24.7,8.3,456,27.1,none,none
2025-10-03,cucumber,vegetable,28.9,26,44,none,Fri,0,0,24.7,8.3,456,28.6,none,none
2025-10-04,banana,fruit,43.7,86,86,none,Sat,1,0,21.4,0.0,566,42.8,none,none
2025-10-04,apple,fruit,115.6,44,44,none,Sat,1,0,21.4,0.0,566,121.3,none,none
2025-10-04,mango,fruit,80.0,17,17,none,Sat,1,0,21.4,0.0,566,81.9,none,none
2025-10-04,tomato,vegetable,32.7,63,63,none,Sat,1,0,21.4,0.0,566,31.8,none,none
2025-10-04,onion,vegetable,33.3,92,96,none,Sat,1,0,21.4,0.0,566,35.3,none,none
2025-10-04,potato,vegetable,24.4,97,132,none,Sat,1,0,21.4,0.0,566,23.1,none,none
2025-10-04,spinach,vegetable,26.6,37,37,none,Sat,1,0,21.4,0.0,566,28.0,none,none
2025-10-04,cucumber,vegetable,32.3,40,41,none,Sat,1,0,21.4,0.0,566,33.5,none,none
2025-10-05,banana,fruit,40.4,77,77,none,Sun,1,0,24.8,0.0,561,43.5,none,none
2025-10-05,apple,fruit,120.2,43,51,none,Sun,1,0,24.8,0.0,561,113.2,none,none
2025-10-05,mango,fruit,78.8,15,18,none,Sun,1,0,24.8,0.0,561,82.4,none,none
2025-10-05,tomato,vegetable,28.9,76,76,none,Sun,1,0,24.8,0.0,561,29.3,none,none
2025-10-05,onion,vegetable,34.4,76,76,none,Sun,1,0,24.8,0.0,561,32.9,none,none
2025-10-05,potato,vegetable,23.1,110,110,bundle,Sun,1,0,24.8,0.0,561,23.1,none,none
2025-10-05,spinach,vegetable,27.5,29,29,none,Sun,1,0,24.8,0.0,561,26.3,none,none
2025-10-05,cucumber,vegetable,30.1,43,48,none,Sun,1,0,24.8,0.0,561,31.8,none,none
2025-10-06,banana,fruit,36.8,8,118,none,Mon,0,0,24.9,0.0,517,38.0,none,none
2025-10-06,apple,fruit,127.9,32,46,none,Mon,0,0,24.9,0.0,517,117.7,none,none
2025-10-06,mango,fruit,86.5,12,22,none,Mon,0,0,24.9,0.0,517,86.4,none,none
2025-10-06,tomato,vegetable,28.0,69,69,discount,Mon,0,0,24.9,0.0,517,29.3,none,none
2025-10-06,onion,vegetable,32.7,69,103,loyalty,Mon,0,0,24.9,0.0,517,34.6,none,none
2025-10-06,potato,vegetable,26.9,77,131,none,Mon,0,0,24.9,0.0,517,25.6,none,none
2025-10-06,spinach,vegetable,23.3,20,41,none,Mon,0,0,24.9,0.0,517,22.6,none,none
2025-10-06,cucumber,vegetable,27.5,30,45,none,Mon,0,0,24.9,0.0,517,27.0,none,none
2025-10-07,banana,fruit,39.1,78,124,none,Tue,0,0,25.1,0.0,549,40.8,none,none
2025-10-07,apple,fruit,123.0,39,60,none,Tue,0,0,25.1,0.0,549,129.1,none,none
2025-10-07,mango,fruit,81.5,14,16,none,Tue,0,0,25.1,0.0,549,85.6,none,none
2025-10-07,tomato,vegetable,29.2,81,83,none,Tue,0,0,25.1,0.0,549,30.7,none,none
2025-10-07,onion,vegetable,33.9,70,104,none,Tue,0,0,25.1,0.0,549,34.9,none,none
2025-10-07,potato,vegetable,22.9,99,107,none,Tue,0,0,25.1,0.0,549,21.6,none,none
2025-10-07,spinach,vegetable,26.6,23,23,none,Tue,0,0,25.1,0.0,549,25.9,traffic_delay,none
2025-10-07,cucumber,vegetable,32.3,35,35,none,Tue,0,0,25.1,0.0,549,33.5,none,none
2025-10-08,banana,fruit,36.7,69,119,none,Wed,0,0,24.2,0.0,452,36.6,none,none
2025-10-08,apple,fruit,130.0,36,43,none,Wed,0,0,24.2,0.0,452,131.1,none,none
2025-10-08,mango,fruit,81.6,11,22,none,Wed,0,0,24.2,0.0,452,79.5,none,none
2025-10-08,tomato,vegetable,29.7,33,33,none,Wed,0,0,24.2,0.0,452,30.9,supplier_shortage,none
2025-10-08,onion,vegetable,34.9,53,99,none,Wed,0,0,24.2,0.0,452,33.3,none,none
2025-10-08,potato,vegetable,27.0,76,112,none,Wed,0,0,24.2,0.0,452,27.1,none,none
2025-10-08,spinach,vegetable,24.3,12,12,none,Wed,0,0,24.2,0.0,452,23.7,supplier_shortage,none
2025-10-08,cucumber,vegetable,31.2,29,44,none,Wed,0,0,24.2,0.0,452,33.0,none,none
2025-10-09,banana,fruit,40.7,78,103,none,Thu,0,0,25.6,0.0,526,38.8,none,none
2025-10-09,apple,fruit,126.9,33,56,none,Thu,0,0,25.6,0.0,526,119.2,none,none
2025-10-09,mango,fruit,86.9,13,21,none,Thu,0,0,25.6,0.0,526,90.2,none,none
2025-10-09,tomato,vegetable,31.8,61,61,none,Thu,0,0,25.6,0.0,526,33.4,none,none
2025-10-09,onion,vegetable,35.6,67,105,none,Thu,0,0,25.6,0.0,526,33.5,none,none
2025-10-09,potato,vegetable,23.9,76,76,none,Thu,0,0,25.6,0.0,526,22.5,traffic_delay,none
2025-10-09,spinach,vegetable,25.0,30,36,none,Thu,0,0,25.6,0.0,526,26.4,none,none
2025-10-09,cucumber,vegetable,28.9,34,52,none,Thu,0,0,25.6,0.0,526,30.5,none,none
2025-10-10,banana,fruit,42.0,114,114,none,Fri,0,1,23.7,0.0,1016,41.7,none,festival
2025-10-10,apple,fruit,127.0,50,50,none,Fri,0,1,23.7,0.0,1016,125.0,none,festival
2025-10-10,mango,fruit,77.6,20,20,none,Fri,0,1,23.7,0.0,1016,79.1,none,festival
2025-10-10,tomato,vegetable,30.1,68,68,none,Fri,0,1,23.7,0.0,1016,31.8,none,festival
2025-10-10,onion,vegetable,33.7,70,70,none,Fri,0,1,23.7,0.0,1016,32.2,none,festival
2025-10-10,potato,vegetable,26.0,133,133,none,Fri,0,1,23.7,0.0,1016,24.0,none,festival
2025-10-10,spinach,vegetable,24.1,34,34,none,Fri,0,1,23.7,0.0,1016,25.4,none,festival
2025-10-10,cucumber,vegetable,31.2,38,38,none,Fri,0,1,23.7,0.0,1016,33.4,none,festival
2025-10-11,banana,fruit,40.0,79,79,discount,Sat,1,0,25.0,0.0,599,39.4,none,none
2025-10-11,apple,fruit,123.1,42,49,none,Sat,1,0,25.0,0.0,599,117.5,none,none
2025-10-11,mango,fruit,75.9,18,18,discount,Sat,1,0,25.0,0.0,599,72.3,none,none
2025-10-11,tomato,vegetable,31.4,88,88,none,Sat,1,0,25.0,0.0,599,31.6,none,none
2025-10-11,onion,vegetable,33.5,77,77,none,Sat,1,0,25.0,0.0,599,35.8,none,none
2025-10-11,potato,vegetable,25.4,119,133,none,Sat,1,0,25.0,0.0,599,26.1,none,none
2025-10-11,spinach,vegetable,25.4,34,34,none,Sat,1,0,25.0,0.0,599,24.4,none,none
2025-10-11,cucumber,vegetable,29.8,50,52,none,Sat,1,0,25.0,0.0,599,29.1,none,none
2025-10-12,banana,fruit,37.3,87,87,bundle,Sun,1,0,23.7,0.0,570,34.7,none,none
2025-10-12,apple,fruit,122.8,5,54,none,Sun,1,0,23.7,0.0,570,116.4,none,none
2025-10-12,mango,fruit,76.1,17,18,none,Sun,1,0,23.7,0.0,570,74.3,none,none
2025-10-12,tomato,vegetable,27.5,85,85,none,Sun,1,0,23.7,0.0,570,25.5,none,none
2025-10-12,onion,vegetable,35.8,72,72,none,Sun,1,0,23.7,0.0,570,36.2,none,none
2025-10-12,potato,vegetable,26.4,116,135,none,Sun,1,0,23.7,0.0,570,26.3,none,none
2025-10-12,spinach,vegetable,27.3,35,35,none,Sun,1,0,23.7,0.0,570,28.7,none,none
2025-10-12,cucumber,vegetable,29.1,37,49,none,Sun,1,0,23.7,0.0,570,27.1,none,none
2025-10-13,banana,fruit,40.6,95,109,none,Mon,0,0,26.1,0.0,490,41.3,none,none
2025-10-13,apple,fruit,113.7,33,61,none,Mon,0,0,26.1,0.0,490,120.7,none,none
2025-10-13,mango,fruit,73.7,17,17,bundle,Mon,0,0,26.1,0.0,490,71.3,none,none
2025-10-13,tomato,vegetable,31.8,53,53,discount,Mon,0,0,26.1,0.0,490,31.0,traffic_delay,none
2025-10-13,onion,vegetable,35.1,69,75,none,Mon,0,0,26.1,0.0,490,37.0,none,none
2025-10-13,potato,vegetable,25.8,88,136,none,Mon,0,0,26.1,0.0,490,25.3,none,none
2025-10-13,spinach,vegetable,25.5,23,31,none,Mon,0,0,26.1,0.0,490,25.7,none,none
2025-10-13,cucumber,vegetable,27.7,31,39,none,Mon,0,0,26.1,0.0,490,26.5,none,none
2025-10-14,banana,fruit,42.8,7,77,none,Tue,0,0,24.0,7.4,451,42.0,none,none
2025-10-14,apple,fruit,124.5,31,48,none,Tue,0,0,24.0,7.4,451,130.8,none,none
2025-10-14,mango,fruit,86.0,15,17,discount,Tue,0,0,24.0,7.4,451,80.4,none,none
2025-10-14,tomato,vegetable,32.2,80,89,discount,Tue,0,0,24.0,7.4,451,31.8,none,none
2025-10-14,onion,vegetable,33.7,38,38,bundle,Tue,0,0,24.0,7.4,451,31.3,supplier_shortage,none
2025-10-14,potato,vegetable,24.0,88,128,none,Tue,0,0,24.0,7.4,451,25.2,none,none
2025-10-14,spinach,vegetable,25.5,21,41,none,Tue,0,0,24.0,7.4,451,27.2,none,none
2025-10-14,cucumber,vegetable,30.5,25,41,none,Tue,0,0,24.0,7.4,451,32.4,none,none
2025-10-15,banana,fruit,37.1,72,99,none,Wed,0,0,23.9,0.0,477,39.6,none,none
2025-10-15,apple,fruit,123.5,37,41,none,Wed,0,0,23.9,0.0,477,130.1,none,none
2025-10-15,mango,fruit,85.9,6,6,none,Wed,0,0,23.9,0.0,477,85.9,supplier_shortage,none
2025-10-15,tomato,vegetable,28.6,81,82,none,Wed,0,0,23.9,0.0,477,30.5,none,none
2025-10-15,onion,vegetable,33.0,62,93,none,Wed,0,0,23.9,0.0,477,32.7,none,none
2025-10-15,potato,vegetable,25.4,75,114,none,Wed,0,0,23.9,0.0,477,27.2,none,none
2025-10-15,spinach,vegetable,25.5,27,43,none,Wed,0,0,23.9,0.0,477,26.1,none,none
2025-10-15,cucumber,vegetable,30.1,38,52,discount,Wed,0,0,23.9,0.0,477,30.3,none,none
2025-10-16,banana,fruit,43.5,41,96,none,Thu,0,0,23.4,11.6,348,42.4,none,none
2025-10-16,apple,fruit,115.4,17,55,none,Thu,0,0,23.4,11.6,348,107.2,none,none
2025-10-16,mango,fruit,74.2,7,20,none,Thu,0,0,23.4,11.6,348,79.4,none,none
2025-10-16,tomato,vegetable,31.3,55,58,none,Thu,0,0,23.4,11.6,348,31.4,none,none
2025-10-16,onion,vegetable,34.3,38,75,none,Thu,0,0,23.4,11.6,348,36.8,none,none
2025-10-16,potato,vegetable,25.2,27,140,none,Thu,0,0,23.4,11.6,348,24.3,none,none
2025-10-16,spinach,vegetable,25.9,11,45,none,Thu,0,0,23.4,11.6,348,25.0,none,none
2025-10-16,cucumber,vegetable,30.6,20,40,discount,Thu,0,0,23.4,11.6,348,29.7,none,none
2025-10-17,banana,fruit,42.2,115,115,none,Fri,0,0,27.8,0.0,670,40.3,none,local_fair
2025-10-17,apple,fruit,126.1,43,43,none,Fri,0,0,27.8,0.0,670,121.1,none,local_fair
2025-10-17,mango,fruit,74.6,23,23,none,Fri,0,0,27.8,0.0,670,68.7,none,local_fair
2025-10-17,tomato,vegetable,28.2,92,92,none,Fri,0,0,27.8,0.0,670,28.7,none,local_fair
2025-10-17,onion,vegetable,37.2,70,70,none,Fri,0,0,27.8,0.0,670,36.2,none,local_fair
2025-10-17,potato,vegetable,25.2,132,132,none,Fri,0,0,27.8,0.0,670,23.5,none,local_fair
2025-10-17,spinach,vegetable,22.8,33,33,none,Fri,0,0,27.8,0.0,670,21.0,none,local_fair
2025-10-17,cucumber,vegetable,29.8,34,34,none,Fri,0,0,27.8,0.0,670,30.7,none,local_fair
2025-10-18,banana,fruit,43.5,98,98,none,Sat,1,0,24.7,0.0,554,46.7,none,none
2025-10-18,apple,fruit,108.1,45,45,none,Sat,1,0,24.7,0.0,554,102.3,none,none
2025-10-18,mango,fruit,87.0,21,22,none,Sat,1,0,24.7,0.0,554,93.7,none,none
2025-10-18,tomato,vegetable,27.0,64,64,none,Sat,1,0,24.7,0.0,554,28.3,none,none
2025-10-18,onion,vegetable,33.9,92,109,none,Sat,1,0,24.7,0.0,554,31.5,none,none
2025-10-18,potato,vegetable,23.8,97,97,none,Sat,1,0,24.7,0.0,554,22.2,none,none
2025-10-18,spinach,vegetable,22.6,25,30,none,Sat,1,0,24.7,0.0,554,21.3,none,none
2025-10-18,cucumber,vegetable,27.4,44,44,none,Sat,1,0,24.7,0.0,554,27.9,none,none
2025-10-19,banana,fruit,42.5,120,120,none,Sun,1,0,26.9,0.0,700,44.0,none,match_day
2025-10-19,apple,fruit,116.3,49,49,none,Sun,1,0,26.9,0.0,700,110.2,none,match_day
2025-10-19,mango,fruit,72.3,17,17,none,Sun,1,0,26.9,0.0,700,74.5,none,match_day
2025-10-19,tomato,vegetable,28.6,89,89,none,Sun,1,0,26.9,0.0,700,30.8,none,match_day
2025-10-19,onion,vegetable,31.7,98,98,discount,Sun,1,0,26.9,0.0,700,31.9,none,match_day
2025-10-19,potato,vegetable,26.8,102,102,none,Sun,1,0,26.9,0.0,700,28.5,none,match_day
2025-10-19,spinach,vegetable,23.8,33,33,none,Sun,1,0,26.9,0.0,700,25.1,none,match_day
2025-10-19,cucumber,vegetable,28.1,43,43,none,Sun,1,0,26.9,0.0,700,27.2,none,match_day
2025-10-20,banana,fruit,43.7,123,123,none,Mon,0,1,22.9,0.0,1062,42.2,none,festival
2025-10-20,apple,fruit,117.8,39,39,none,Mon,0,1,22.9,0.0,1062,112.5,none,festival
2025-10-20,mango,fruit,83.2,15,15,none,Mon,0,1,22.9,0.0,1062,80.5,none,festival
2025-10-20,tomato,vegetable,27.7,59,59,none,Mon,0,1,22.9,0.0,1062,28.3,none,festival
2025-10-20,onion,vegetable,33.9,96,96,discount,Mon,0,1,22.9,0.0,1062,32.4,none,festival
2025-10-20,potato,vegetable,24.4,117,117,none,Mon,0,1,22.9,0.0,1062,26.2,none,festival
2025-10-20,spinach,vegetable,26.6,16,16,none,Mon,0,1,22.9,0.0,1062,24.5,supplier_shortage,festival
2025-10-20,cucumber,vegetable,27.9,44,44,none,Mon,0,1,22.9,0.0,1062,28.6,none,festival
2025-10-21,banana,fruit,42.0,68,99,none,Tue,0,0,24.6,0.0,522,39.5,none,none
2025-10-21,apple,fruit,110.2,37,41,none,Tue,0,0,24.6,0.0,522,106.0,none,none
2025-10-21,mango,fruit,84.6,14,18,none,Tue,0,0,24.6,0.0,522,81.0,none,none
2025-10-21,tomato,vegetable,29.6,62,62,none,Tue,0,0,24.6,0.0,522,28.0,none,none
2025-10-21,onion,vegetable,35.1,80,107,none,Tue,0,0,24.6,0.0,522,37.6,none,none
2025-10-21,potato,vegetable,26.7,86,132,none,Tue,0,0,24.6,0.0,522,26.3,none,none
2025-10-21,spinach,vegetable,24.9,25,43,none,Tue,0,0,24.6,0.0,522,24.2,none,none
2025-10-21,cucumber,vegetable,28.9,33,34,none,Tue,0,0,24.6,0.0,522,29.1,none,none
2025-10-22,banana,fruit,39.4,78,78,none,Wed,0,0,23.3,0.0,497,41.1,none,none
2025-10-22,apple,fruit,128.5,33,40,none,Wed,0,0,23.3,0.0,497,122.3,none,none
2025-10-22,mango,fruit,73.3,16,19,none,Wed,0,0,23.3,0.0,497,69.7,none,none
2025-10-22,tomato,vegetable,31.2,67,67,none,Wed,0,0,23.3,0.0,497,32.0,none,none
2025-10-22,onion,vegetable,35.1,72,100,loyalty,Wed,0,0,23.3,0.0,497,34.0,none,none
2025-10-22,potato,vegetable,22.6,86,91,none,Wed,0,0,23.3,0.0,497,21.2,none,none
2025-10-22,spinach,vegetable,26.9,28,31,none,Wed,0,0,23.3,0.0,497,28.1,none,none
2025-10-22,cucumber,vegetable,30.2,26,46,none,Wed,0,0,23.3,0.0,497,28.0,none,none
2025-10-23,banana,fruit,43.9,73,96,none,Thu,0,0,24.3,0.0,483,40.8,none,none
2025-10-23,apple,fruit,121.5,31,51,none,Thu,0,0,24.3,0.0,483,115.1,none,none
2025-10-23,mango,fruit,72.4,15,23,none,Thu,0,0,24.3,0.0,483,75.9,none,none
2025-10-23,tomato,vegetable,28.5,63,63,none,Thu,0,0,24.3,0.0,483,30.1,none,none
2025-10-23,onion,vegetable,32.1,65,95,none,Thu,0,0,24.3,0.0,483,34.4,none,none
2025-10-23,potato,vegetable,24.3,69,108,none,Thu,0,0,24.3,0.0,483,25.4,none,none
2025-10-23,spinach,vegetable,26.5,27,32,none,Thu,0,0,24.3,0.0,483,27.4,none,none
2025-10-23,cucumber,vegetable,30.5,30,42,none,Thu,0,0,24.3,0.0,483,32.5,none,none
2025-10-24,banana,fruit,40.9,113,113,discount,Fri,0,0,24.3,0.0,533,38.7,none,none
2025-10-24,apple,fruit,108.4,45,46,none,Fri,0,0,24.3,0.0,533,106.7,none,none
2025-10-24,mango,fruit,87.6,16,16,none,Fri,0,0,24.3,0.0,533,92.4,none,none
2025-10-24,tomato,vegetable,32.6,70,70,none,Fri,0,0,24.3,0.0,533,30.3,none,none
2025-10-24,onion,vegetable,35.4,87,102,none,Fri,0,0,24.3,0.0,533,36.9,none,none
2025-10-24,potato,vegetable,27.3,103,110,none,Fri,0,0,24.3,0.0,533,27.1,none,none
2025-10-24,spinach,vegetable,22.9,30,35,none,Fri,0,0,24.3,0.0,533,23.7,none,none
2025-10-24,cucumber,vegetable,29.7,33,42,none,Fri,0,0,24.3,0.0,533,29.1,none,none
2025-10-25,banana,fruit,40.9,78,78,none,Sat,1,0,25.7,0.0,621,41.0,none,none
2025-10-25,apple,fruit,109.3,50,50,none,Sat,1,0,25.7,0.0,621,101.2,none,none
2025-10-25,mango,fruit,75.0,16,16,none,Sat,1,0,25.7,0.0,621,74.5,none,none
2025-10-25,tomato,vegetable,32.9,67,67,none,Sat,1,0,25.7,0.0,621,33.4,none,none
2025-10-25,onion,vegetable,35.3,108,108,discount,Sat,1,0,25.7,0.0,621,35.1,none,none
2025-10-25,potato,vegetable,24.3,118,118,none,Sat,1,0,25.7,0.0,621,23.0,none,none
2025-10-25,spinach,vegetable,27.1,36,46,none,Sat,1,0,25.7,0.0,621,25.8,none,none
2025-10-25,cucumber,vegetable,30.3,47,47,discount,Sat,1,0,25.7,0.0,621,31.5,none,none
2025-10-26,banana,fruit,37.6,110,119,none,Sun,1,0,25.0,0.0,563,39.8,none,none
2025-10-26,apple,fruit,130.6,35,51,none,Sun,1,0,25.0,0.0,563,121.2,none,none
2025-10-26,mango,fruit,80.1,18,21,none,Sun,1,0,25.0,0.0,563,86.4,none,none
2025-10-26,tomato,vegetable,31.6,92,92,none,Sun,1,0,25.0,0.0,563,30.4,none,none
2025-10-26,onion,vegetable,35.2,72,72,none,Sun,1,0,25.0,0.0,563,33.9,none,none
2025-10-26,potato,vegetable,24.9,139,139,discount,Sun,1,0,25.0,0.0,563,23.2,none,none
2025-10-26,spinach,vegetable,24.2,30,30,none,Sun,1,0,25.0,0.0,563,23.3,none,none
2025-10-26,cucumber,vegetable,27.4,45,45,none,Sun,1,0,25.0,0.0,563,29.3,none,none
2025-10-27,banana,fruit,39.9,75,105,none,Mon,0,0,25.4,0.0,501,40.7,none,none
2025-10-27,apple,fruit,122.5,28,56,none,Mon,0,0,25.4,0.0,501,118.6,none,none
2025-10-27,mango,fruit,75.5,12,15,none,Mon,0,0,25.4,0.0,501,78.9,none,none
2025-10-27,tomato,vegetable,32.1,71,91,none,Mon,0,0,25.4,0.0,501,33.0,none,none
2025-10-27,onion,vegetable,37.4,61,77,none,Mon,0,0,25.4,0.0,501,38.8,none,none
2025-10-27,potato,vegetable,27.5,72,90,none,Mon,0,0,25.4,0.0,501,25.4,none,none
2025-10-27,spinach,vegetable,27.1,24,45,none,Mon,0,0,25.4,0.0,501,25.0,none,none
2025-10-27,cucumber,vegetable,32.8,29,51,none,Mon,0,0,25.4,0.0,501,31.6,none,none
2025-10-28,banana,fruit,36.4,94,94,bundle,Tue,0,0,20.9,0.0,501,37.9,none,none
2025-10-28,apple,fruit,116.5,5,42,none,Tue,0,0,20.9,0.0,501,120.2,none,none
2025-10-28,mango,fruit,86.7,9,21,none,Tue,0,0,20.9,0.0,501,83.5,none,none
2025-10-28,tomato,vegetable,31.0,61,61,none,Tue,0,0,20.9,0.0,501,30.6,none,none
2025-10-28,onion,vegetable,36.7,63,103,none,Tue,0,0,20.9,0.0,501,35.4,none,none
2025-10-28,potato,vegetable,25.5,73,115,none,Tue,0,0,20.9,0.0,501,25.0,none,none
2025-10-28,spinach,vegetable,26.8,30,34,none,Tue,0,0,20.9,0.0,501,27.9,none,none
2025-10-28,cucumber,vegetable,30.0,39,41,none,Tue,0,0,20.9,0.0,501,31.1,none,none
2025-10-29,banana,fruit,41.3,83,83,none,Wed,0,0,21.1,0.0,513,41.5,none,none
2025-10-29,apple,fruit,119.9,57,57,discount,Wed,0,0,21.1,0.0,513,127.5,none,none
2025-10-29,mango,fruit,85.8,11,15,none,Wed,0,0,21.1,0.0,513,83.3,none,none
2025-10-29,tomato,vegetable,29.7,78,78,none,Wed,0,0,21.1,0.0,513,29.0,none,none
2025-10-29,onion,vegetable,32.4,57,74,none,Wed,0,0,21.1,0.0,513,31.6,none,none
2025-10-29,potato,vegetable,26.8,10,99,none,Wed,0,0,21.1,0.0,513,26.0,none,none
2025-10-29,spinach,vegetable,26.5,30,30,none,Wed,0,0,21.1,0.0,513,25.3,none,none
2025-10-29,cucumber,vegetable,30.4,34,40,none,Wed,0,0,21.1,0.0,513,31.6,none,none
2025-10-30,banana,fruit,36.7,80,97,none,Thu,0,0,27.2,0.0,481,36.3,none,none
2025-10-30,apple,fruit,118.3,33,58,none,Thu,0,0,27.2,0.0,481,120.1,none,none
2025-10-30,mango,fruit,81.0,14,16,none,Thu,0,0,27.2,0.0,481,86.8,none,none
2025-10-30,tomato,vegetable,32.2,78,78,none,Thu,0,0,27.2,0.0,481,32.1,none,none
2025-10-30,onion,vegetable,34.6,64,67,none,Thu,0,0,27.2,0.0,481,36.5,none,none
2025-10-30,potato,vegetable,23.3,90,95,none,Thu,0,0,27.2,0.0,481,22.5,none,none
2025-10-30,spinach,vegetable,23.3,24,40,none,Thu,0,0,27.2,0.0,481,23.0,none,none
2025-10-30,cucumber,vegetable,29.9,32,41,none,Thu,0,0,27.2,0.0,481,29.9,none,none
2025-10-31,banana,fruit,38.5,123,123,none,Fri,0,1,23.9,0.0,1040,36.0,none,festival
2025-10-31,apple,fruit,116.0,49,49,none,Fri,0,1,23.9,0.0,1040,112.6,none,festival
2025-10-31,mango,fruit,85.8,23,23,none,Fri,0,1,23.9,0.0,1040,88.7,none,festival
2025-10-31,tomato,vegetable,32.6,72,72,none,Fri,0,1,23.9,0.0,1040,30.5,none,festival
2025-10-31,onion,vegetable,37.9,108,108,none,Fri,0,1,23.9,0.0,1040,35.9,none,festival
2025-10-31,potato,vegetable,27.2,99,99,none,Fri,0,1,23.9,0.0,1040,29.0,none,festival
2025-10-31,spinach,vegetable,22.9,40,40,none,Fri,0,1,23.9,0.0,1040,24.4,none,festival
2025-10-31,cucumber,vegetable,30.7,35,35,none,Fri,0,1,23.9,0.0,1040,29.9,none,festival
2025-11-01,banana,fruit,37.2,94,94,none,Sat,1,1,24.9,0.0,1204,37.3,none,festival
2025-11-01,apple,fruit,108.1,58,58,none,Sat,1,1,24.9,0.0,1204,105.0,none,festival
2025-11-01,mango,fruit,79.7,22,22,none,Sat,1,1,24.9,0.0,1204,78.6,none,festival
2025-11-01,tomato,vegetable,29.5,80,80,none,Sat,1,1,24.9,0.0,1204,31.6,none,festival
2025-11-01,onion,vegetable,32.2,81,81,none,Sat,1,1,24.9,0.0,1204,31.8,none,festival
2025-11-01,potato,vegetable,26.6,103,103,none,Sat,1,1,24.9,0.0,1204,28.2,none,festival
2025-11-01,spinach,vegetable,27.0,13,13,none,Sat,1,1,24.9,0.0,1204,25.2,supplier_shortage,festival
2025-11-01,cucumber,vegetable,32.8,40,40,none,Sat,1,1,24.9,0.0,1204,35.1,none,festival
2025-11-02,banana,fruit,40.1,84,109,none,Sun,1,0,25.4,9.2,492,41.5,none,none
2025-11-02,apple,fruit,127.3,59,59,bundle,Sun,1,0,25.4,9.2,492,124.2,none,none
2025-11-02,mango,fruit,75.8,13,22,none,Sun,1,0,25.4,9.2,492,77.8,none,none
2025-11-02,tomato,vegetable,28.5,82,82,none,Sun,1,0,25.4,9.2,492,26.3,none,none
2025-11-02,onion,vegetable,37.8,70,70,discount,Sun,1,0,25.4,9.2,492,36.2,none,none
2025-11-02,potato,vegetable,22.5,87,87,bundle,Sun,1,0,25.4,9.2,492,23.6,none,none
2025-11-02,spinach,vegetable,23.3,42,47,none,Sun,1,0,25.4,9.2,492,24.7,none,none
2025-11-02,cucumber,vegetable,27.8,42,50,bundle,Sun,1,0,25.4,9.2,492,27.6,none,none
2025-11-03,banana,fruit,39.6,96,107,discount,Mon,0,0,25.1,0.0,494,38.6,none,none
2025-11-03,apple,fruit,109.8,32,32,none,Mon,0,0,25.1,0.0,494,109.9,quality_issue,none
2025-11-03,mango,fruit,79.7,15,18,none,Mon,0,0,25.1,0.0,494,81.6,none,none
2025-11-03,tomato,vegetable,32.5,61,61,none,Mon,0,0,25.1,0.0,494,33.5,none,none
2025-11-03,onion,vegetable,32.9,68,68,none,Mon,0,0,25.1,0.0,494,35.3,none,none
2025-11-03,potato,vegetable,24.6,132,134,discount,Mon,0,0,25.1,0.0,494,25.5,none,none
2025-11-03,spinach,vegetable,25.4,32,41,none,Mon,0,0,25.1,0.0,494,27.1,none,none
2025-11-03,cucumber,vegetable,28.7,35,35,none,Mon,0,0,25.1,0.0,494,27.9,none,none
2025-11-04,banana,fruit,37.1,84,122,none,Tue,0,0,22.2,0.0,529,38.7,none,none
2025-11-04,apple,fruit,126.5,53,53,none,Tue,0,0,22.2,0.0,529,118.5,none,none
2025-11-04,mango,fruit,77.0,16,19,none,Tue,0,0,22.2,0.0,529,78.0,none,none
2025-11-04,tomato,vegetable,28.5,67,67,bundle,Tue,0,0,22.2,0.0,529,28.4,none,none
2025-11-04,onion,vegetable,33.0,77,100,none,Tue,0,0,22.2,0.0,529,33.0,none,none
2025-11-04,potato,vegetable,24.4,86,118,none,Tue,0,0,22.2,0.0,529,24.4,none,none
2025-11-04,spinach,vegetable,26.6,32,32,none,Tue,0,0,22.2,0.0,529,26.8,none,none
2025-11-04,cucumber,vegetable,28.5,30,37,none,Tue,0,0,22.2,0.0,529,28.1,none,none
2025-11-05,banana,fruit,43.6,73,121,none,Wed,0,0,22.0,0.0,507,41.8,none,none
2025-11-05,apple,fruit,110.6,57,59,none,Wed,0,0,22.0,0.0,507,118.5,none,none
2025-11-05,mango,fruit,85.9,14,20,none,Wed,0,0,22.0,0.0,507,88.1,none,none
2025-11-05,tomato,vegetable,27.3,68,68,none,Wed,0,0,22.0,0.0,507,28.0,none,none
2025-11-05,onion,vegetable,35.4,68,81,none,Wed,0,0,22.0,0.0,507,32.9,none,none
2025-11-05,potato,vegetable,25.8,81,97,none,Wed,0,0,22.0,0.0,507,23.7,none,none
2025-11-05,spinach,vegetable,22.6,40,40,none,Wed,0,0,22.0,0.0,507,22.3,none,none
2025-11-05,cucumber,vegetable,27.3,39,46,none,Wed,0,0,22.0,0.0,507,25.7,none,none
2025-11-06,banana,fruit,43.8,85,85,none,Thu,0,0,23.6,0.0,515,41.4,none,none
2025-11-06,apple,fruit,109.0,60,60,none,Thu,0,0,23.6,0.0,515,116.2,none,none
2025-11-06,mango,fruit,77.8,16,17,loyalty,Thu,0,0,23.6,0.0,515,72.4,none,none
2025-11-06,tomato,vegetable,27.4,79,83,none,Thu,0,0,23.6,0.0,515,26.1,none,none
2025-11-06,onion,vegetable,38.1,77,103,none,Thu,0,0,23.6,0.0,515,38.2,none,none
2025-11-06,potato,vegetable,24.9,84,124,none,Thu,0,0,23.6,0.0,515,25.0,none,none
2025-11-06,spinach,vegetable,24.1,43,46,none,Thu,0,0,23.6,0.0,515,22.3,none,none
2025-11-06,cucumber,vegetable,31.2,30,52,none,Thu,0,0,23.6,0.0,515,31.0,none,none
2025-11-07,banana,fruit,37.0,65,106,none,Fri,0,0,22.8,0.0,534,34.5,none,none
2025-11-07,apple,fruit,112.2,49,49,none,Fri,0,0,22.8,0.0,534,120.9,none,none
2025-11-07,mango,fruit,72.4,16,20,none,Fri,0,0,22.8,0.0,534,76.0,none,none
2025-11-07,tomato,vegetable,28.5,82,82,none,Fri,0,0,22.8,0.0,534,26.5,none,none
2025-11-07,onion,vegetable,35.7,70,75,none,Fri,0,0,22.8,0.0,534,35.3,none,none
2025-11-07,potato,vegetable,24.0,93,116,none,Fri,0,0,22.8,0.0,534,22.8,none,none
2025-11-07,spinach,vegetable,24.3,37,37,none,Fri,0,0,22.8,0.0,534,22.7,none,none
2025-11-07,cucumber,vegetable,28.3,34,38,none,Fri,0,0,22.8,0.0,534,26.1,none,none
2025-11-08,banana,fruit,41.2,88,89,none,Sat,1,0,21.2,0.0,585,38.7,none,none
2025-11-08,apple,fruit,117.7,53,53,none,Sat,1,0,21.2,0.0,585,112.5,none,none
2025-11-08,mango,fruit,78.1,18,18,none,Sat,1,0,21.2,0.0,585,82.3,none,none
2025-11-08,tomato,vegetable,30.0,72,72,none,Sat,1,0,21.2,0.0,585,30.8,none,none
2025-11-08,onion,vegetable,35.0,86,86,none,Sat,1,0,21.2,0.0,585,34.5,none,none
2025-11-08,potato,vegetable,24.2,108,108,none,Sat,1,0,21.2,0.0,585,24.5,none,none
2025-11-08,spinach,vegetable,25.2,41,41,bundle,Sat,1,0,21.2,0.0,585,26.5,none,none
2025-11-08,cucumber,vegetable,33.0,41,51,none,Sat,1,0,21.2,0.0,585,30.5,none,none
2025-11-09,banana,fruit,40.7,96,106,none,Sun,1,0,21.1,0.0,575,41.0,none,none
2025-11-09,apple,fruit,128.2,50,50,discount,Sun,1,0,21.1,0.0,575,132.3,none,none
2025-11-09,mango,fruit,72.7,16,16,none,Sun,1,0,21.1,0.0,575,76.0,none,none
2025-11-09,tomato,vegetable,29.8,81,81,none,Sun,1,0,21.1,0.0,575,30.4,none,none
2025-11-09,onion,vegetable,36.5,72,72,none,Sun,1,0,21.1,0.0,575,36.5,none,none
2025-11-09,potato,vegetable,25.6,83,83,bundle,Sun,1,0,21.1,0.0,575,26.4,quality_issue,none
2025-11-09,spinach,vegetable,26.0,41,41,none,Sun,1,0,21.1,0.0,575,26.0,none,none
2025-11-09,cucumber,vegetable,27.3,43,53,none,Sun,1,0,21.1,0.0,575,28.8,none,none
2025-11-10,banana,fruit,42.8,117,117,none,Mon,0,1,25.4,0.0,1016,44.7,none,festival
2025-11-10,apple,fruit,125.9,32,32,none,Mon,0,1,25.4,0.0,1016,135.4,traffic_delay,festival
2025-11-10,mango,fruit,79.0,22,22,none,Mon,0,1,25.4,0.0,1016,84.1,none,festival
2025-11-10,tomato,vegetable,29.6,70,70,discount,Mon,0,1,25.4,0.0,1016,28.5,none,festival
2025-11-10,onion,vegetable,36.8,101,101,discount,Mon,0,1,25.4,0.0,1016,38.3,none,festival
2025-11-10,potato,vegetable,25.7,101,101,none,Mon,0,1,25.4,0.0,1016,26.5,none,festival
2025-11-10,spinach,vegetable,25.4,38,38,none,Mon,0,1,25.4,0.0,1016,26.4,none,festival
2025-11-10,cucumber,vegetable,28.8,40,40,bundle,Mon,0,1,25.4,0.0,1016,30.4,none,festival
2025-11-11,banana,fruit,40.3,92,113,discount,Tue,0,0,26.4,0.0,509,42.5,none,none
2025-11-11,apple,fruit,113.4,61,61,none,Tue,0,0,26.4,0.0,509,121.1,none,none
2025-11-11,mango,fruit,78.8,14,15,none,Tue,0,0,26.4,0.0,509,84.3,none,none
2025-11-11,tomato,vegetable,32.5,80,80,bundle,Tue,0,0,26.4,0.0,509,31.0,none,none
2025-11-11,onion,vegetable,36.7,60,74,none,Tue,0,0,26.4,0.0,509,35.5,none,none
2025-11-11,potato,vegetable,23.7,92,109,none,Tue,0,0,26.4,0.0,509,24.6,none,none
2025-11-11,spinach,vegetable,25.6,37,41,none,Tue,0,0,26.4,0.0,509,24.7,none,none
2025-11-11,cucumber,vegetable,28.9,28,39,none,Tue,0,0,26.4,0.0,509,28.1,none,none
2025-11-12,banana,fruit,43.4,65,93,none,Wed,0,0,23.1,0.0,530,40.1,none,none
2025-11-12,apple,fruit,130.5,38,38,none,Wed,0,0,23.1,0.0,530,123.5,none,none
2025-11-12,mango,fruit,73.8,14,17,none,Wed,0,0,23.1,0.0,530,69.2,none,none
2025-11-12,tomato,vegetable,32.4,81,91,none,Wed,0,0,23.1,0.0,530,32.7,none,none
2025-11-12,onion,vegetable,38.1,62,103,none,Wed,0,0,23.1,0.0,530,37.1,none,none
2025-11-12,potato,vegetable,26.0,88,119,none,Wed,0,0,23.1,0.0,530,25.5,none,none
2025-11-12,spinach,vegetable,26.6,37,37,none,Wed,0,0,23.1,0.0,530,27.1,none,none
2025-11-12,cucumber,vegetable,29.5,28,42,none,Wed,0,0,23.1,0.0,530,28.2,none,none
2025-11-13,banana,fruit,40.9,65,65,bundle,Thu,0,0,20.1,0.0,490,43.3,traffic_delay,none
2025-11-13,apple,fruit,110.3,56,56,none,Thu,0,0,20.1,0.0,490,110.5,none,none
2025-11-13,mango,fruit,76.4,15,22,none,Thu,0,0,20.1,0.0,490,71.2,none,none
2025-11-13,tomato,vegetable,29.4,73,73,none,Thu,0,0,20.1,0.0,490,28.6,none,none
2025-11-13,onion,vegetable,37.1,69,71,none,Thu,0,0,20.1,0.0,490,38.1,none,none
2025-11-13,potato,vegetable,24.7,86,128,none,Thu,0,0,20.1,0.0,490,24.6,none,none
2025-11-13,spinach,vegetable,23.0,40,40,discount,Thu,0,0,20.1,0.0,490,23.5,none,none
2025-11-13,cucumber,vegetable,30.1,25,25,none,Thu,0,0,20.1,0.0,490,30.5,traffic_delay,none
2025-11-14,banana,fruit,43.6,90,90,none,Fri,0,1,20.3,0.0,1010,40.6,none,festival
2025-11-14,apple,fruit,114.3,31,31,none,Fri,0,1,20.3,0.0,1010,123.1,quality_issue,festival
2025-11-14,mango,fruit,76.1,15,15,none,Fri,0,1,20.3,0.0,1010,70.2,none,festival
2025-11-14,tomato,vegetable,28.9,75,75,none,Fri,0,1,20.3,0.0,1010,30.5,none,festival
2025-11-14,onion,vegetable,35.9,108,108,none,Fri,0,1,20.3,0.0,1010,34.5,none,festival
2025-11-14,potato,vegetable,26.6,90,90,none,Fri,0,1,20.3,0.0,1010,24.9,none,festival
2025-11-14,spinach,vegetable,24.0,36,36,none,Fri,0,1,20.3,0.0,1010,25.2,none,festival
2025-11-14,cucumber,vegetable,31.7,34,34,none,Fri,0,1,20.3,0.0,1010,33.3,none,festival
2025-11-15,banana,fruit,42.0,82,82,none,Sat,1,0,23.8,0.0,522,44.1,none,none
2025-11-15,apple,fruit,124.9,41,41,none,Sat,1,0,23.8,0.0,522,133.1,none,none
2025-11-15,mango,fruit,78.9,2,16,none,Sat,1,0,23.8,0.0,522,77.6,none,none
2025-11-15,tomato,vegetable,27.8,66,66,none,Sat,1,0,23.8,0.0,522,28.8,none,none
2025-11-15,onion,vegetable,34.0,71,107,none,Sat,1,0,23.8,0.0,522,35.5,none,none
2025-11-15,potato,vegetable,26.8,96,109,none,Sat,1,0,23.8,0.0,522,25.6,none,none
2025-11-15,spinach,vegetable,24.5,45,45,none,Sat,1,0,23.8,0.0,522,25.5,none,none
2025-11-15,cucumber,vegetable,32.5,43,54,none,Sat,1,0,23.8,0.0,522,34.9,none,none
2025-11-16,banana,fruit,40.8,116,116,none,Sun,1,0,25.0,0.0,775,42.7,none,local_fair
2025-11-16,apple,fruit,122.6,23,23,none,Sun,1,0,25.0,0.0,775,131.8,supplier_shortage,local_fair
2025-11-16,mango,fruit,73.9,17,17,none,Sun,1,0,25.0,0.0,775,76.3,none,local_fair
2025-11-16,tomato,vegetable,32.7,61,61,none,Sun,1,0,25.0,0.0,775,34.2,none,local_fair
2025-11-16,onion,vegetable,34.4,73,73,none,Sun,1,0,25.0,0.0,775,34.3,none,local_fair
2025-11-16,potato,vegetable,24.9,130,130,none,Sun,1,0,25.0,0.0,775,24.1,none,local_fair
2025-11-16,spinach,vegetable,24.0,31,31,none,Sun,1,0,25.0,0.0,775,22.1,traffic_delay,local_fair
2025-11-16,cucumber,vegetable,29.0,17,17,none,Sun,1,0,25.0,0.0,775,27.6,supplier_shortage,local_fair
2025-11-17,banana,fruit,36.5,79,83,none,Mon,0,0,21.6,0.0,544,35.4,none,none
2025-11-17,apple,fruit,110.5,33,33,none,Mon,0,0,21.6,0.0,544,113.8,traffic_delay,none
2025-11-17,mango,fruit,84.2,12,23,none,Mon,0,0,21.6,0.0,544,83.2,none,none
2025-11-17,tomato,vegetable,28.5,74,74,none,Mon,0,0,21.6,0.0,544,30.4,none,none
2025-11-17,onion,vegetable,31.8,77,95,none,Mon,0,0,21.6,0.0,544,31.2,none,none
2025-11-17,potato,vegetable,27.5,84,100,none,Mon,0,0,21.6,0.0,544,25.8,none,none
2025-11-17,spinach,vegetable,22.7,45,45,none,Mon,0,0,21.6,0.0,544,22.0,none,none
2025-11-17,cucumber,vegetable,30.0,34,51,none,Mon,0,0,21.6,0.0,544,28.2,none,none
2025-11-18,banana,fruit,41.4,120,120,none,Tue,0,0,21.0,0.0,692,44.0,none,local_fair
2025-11-18,apple,fruit,124.8,61,61,none,Tue,0,0,21.0,0.0,692,119.0,none,local_fair
2025-11-18,mango,fruit,87.9,21,21,none,Tue,0,0,21.0,0.0,692,91.5,none,local_fair
2025-11-18,tomato,vegetable,28.0,60,60,none,Tue,0,0,21.0,0.0,692,26.0,none,local_fair
2025-11-18,onion,vegetable,36.4,95,95,none,Tue,0,0,21.0,0.0,692,36.7,none,local_fair
2025-11-18,potato,vegetable,23.3,102,102,none,Tue,0,0,21.0,0.0,692,22.7,none,local_fair
2025-11-18,spinach,vegetable,26.3,18,18,none,Tue,0,0,21.0,0.0,692,27.6,supplier_shortage,local_fair
2025-11-18,cucumber,vegetable,27.3,45,45,none,Tue,0,0,21.0,0.0,692,25.8,none,local_fair
2025-11-19,banana,fruit,41.9,81,96,none,Wed,0,0,26.2,0.0,508,42.4,none,none
2025-11-19,apple,fruit,120.4,49,49,none,Wed,0,0,26.2,0.0,508,114.1,none,none
2025-11-19,mango,fruit,81.7,11,15,none,Wed,0,0,26.2,0.0,508,76.3,none,none
2025-11-19,tomato,vegetable,32.2,74,74,none,Wed,0,0,26.2,0.0,508,34.6,none,none
2025-11-19,onion,vegetable,31.5,49,49,none,Wed,0,0,26.2,0.0,508,31.6,traffic_delay,none
2025-11-19,potato,vegetable,26.9,84,138,none,Wed,0,0,26.2,0.0,508,26.1,none,none
2025-11-19,spinach,vegetable,26.4,36,36,none,Wed,0,0,26.2,0.0,508,25.4,none,none
2025-11-19,cucumber,vegetable,30.0,34,39,bundle,Wed,0,0,26.2,0.0,508,29.6,none,none
2025-11-20,banana,fruit,41.8,61,107,none,Thu,0,0,23.4,4.0,438,44.6,none,none
2025-11-20,apple,fruit,126.2,53,55,none,Thu,0,0,23.4,4.0,438,126.9,none,none
2025-11-20,mango,fruit,73.5,10,23,none,Thu,0,0,23.4,4.0,438,67.9,none,none
2025-11-20,tomato,vegetable,29.4,63,63,none,Thu,0,0,23.4,4.0,438,29.4,none,none
2025-11-20,onion,vegetable,38.0,68,68,discount,Thu,0,0,23.4,4.0,438,35.5,none,none
2025-11-20,potato,vegetable,24.0,57,66,none,Thu,0,0,23.4,4.0,438,23.2,quality_issue,none
2025-11-20,spinach,vegetable,27.3,25,25,none,Thu,0,0,23.4,4.0,438,29.1,traffic_delay,none
2025-11-20,cucumber,vegetable,29.9,26,37,none,Thu,0,0,23.4,4.0,438,31.3,none,none
2025-11-21,banana,fruit,37.2,103,104,none,Fri,0,0,23.6,0.0,568,35.3,none,none
2025-11-21,apple,fruit,111.1,58,58,none,Fri,0,0,23.6,0.0,568,117.5,none,none
2025-11-21,mango,fruit,77.7,16,23,none,Fri,0,0,23.6,0.0,568,72.3,none,none
2025-11-21,tomato,vegetable,31.0,67,67,none,Fri,0,0,23.6,0.0,568,30.6,none,none
2025-11-21,onion,vegetable,38.2,76,76,none,Fri,0,0,23.6,0.0,568,37.9,none,none
2025-11-21,potato,vegetable,24.1,101,101,none,Fri,0,0,23.6,0.0,568,24.7,none,none
2025-11-21,spinach,vegetable,26.9,26,26,none,Fri,0,0,23.6,0.0,568,28.0,traffic_delay,none
2025-11-21,cucumber,vegetable,30.3,49,49,discount,Fri,0,0,23.6,0.0,568,30.4,none,none
2025-11-22,banana,fruit,43.3,97,97,none,Sat,1,0,21.8,0.0,588,46.7,none,none
2025-11-22,apple,fruit,114.8,59,59,none,Sat,1,0,21.8,0.0,588,118.2,none,none
2025-11-22,mango,fruit,84.8,18,22,none,Sat,1,0,21.8,0.0,588,84.2,none,none
2025-11-22,tomato,vegetable,29.6,74,74,none,Sat,1,0,21.8,0.0,588,27.7,none,none
2025-11-22,onion,vegetable,34.1,91,92,none,Sat,1,0,21.8,0.0,588,33.8,none,none
2025-11-22,potato,vegetable,25.0,88,88,none,Sat,1,0,21.8,0.0,588,25.2,none,none
2025-11-22,spinach,vegetable,27.2,43,43,none,Sat,1,0,21.8,0.0,588,25.6,none,none
2025-11-22,cucumber,vegetable,27.1,37,37,none,Sat,1,0,21.8,0.0,588,28.4,none,none
2025-11-23,banana,fruit,40.7,59,123,none,Sun,1,0,20.0,23.5,388,40.5,none,none
2025-11-23,apple,fruit,120.1,33,45,none,Sun,1,0,20.0,23.5,388,124.8,none,none
2025-11-23,mango,fruit,80.4,10,22,none,Sun,1,0,20.0,23.5,388,82.9,none,none
2025-11-23,tomato,vegetable,31.3,49,89,none,Sun,1,0,20.0,23.5,388,30.8,none,none
2025-11-23,onion,vegetable,34.2,30,108,none,Sun,1,0,20.0,23.5,388,31.9,none,none
2025-11-23,potato,vegetable,25.1,43,89,none,Sun,1,0,20.0,23.5,388,25.1,none,none
2025-11-23,spinach,vegetable,23.7,28,44,none,Sun,1,0,20.0,23.5,388,23.0,none,none
2025-11-23,cucumber,vegetable,31.8,16,37,none,Sun,1,0,20.0,23.5,388,33.3,none,none
2025-11-24,banana,fruit,38.5,68,118,none,Mon,0,0,21.3,0.0,481,39.5,none,none
2025-11-24,apple,fruit,111.4,40,40,bundle,Mon,0,0,21.3,0.0,481,115.3,none,none
2025-11-24,mango,fruit,76.1,12,21,none,Mon,0,0,21.3,0.0,481,75.9,none,none
2025-11-24,tomato,vegetable,32.1,72,72,discount,Mon,0,0,21.3,0.0,481,31.3,none,none
2025-11-24,onion,vegetable,38.4,58,71,none,Mon,0,0,21.3,0.0,481,36.1,none,none
2025-11-24,potato,vegetable,24.2,87,101,none,Mon,0,0,21.3,0.0,481,23.9,none,none
2025-11-24,spinach,vegetable,26.5,20,20,none,Mon,0,0,21.3,0.0,481,27.7,quality_issue,none
2025-11-24,cucumber,vegetable,33.0,27,44,none,Mon,0,0,21.3,0.0,481,33.8,none,none
2025-11-25,banana,fruit,42.6,73,114,none,Tue,0,0,23.3,0.0,467,44.1,none,none
2025-11-25,apple,fruit,125.2,37,54,none,Tue,0,0,23.3,0.0,467,119.7,none,none
2025-11-25,mango,fruit,86.9,14,22,none,Tue,0,0,23.3,0.0,467,93.0,none,none
2025-11-25,tomato,vegetable,28.1,72,72,discount,Tue,0,0,23.3,0.0,467,27.6,none,none
2025-11-25,onion,vegetable,32.6,70,81,none,Tue,0,0,23.3,0.0,467,31.8,none,none
2025-11-25,potato,vegetable,23.1,75,124,none,Tue,0,0,23.3,0.0,467,21.8,none,none
2025-11-25,spinach,vegetable,26.8,31,31,none,Tue,0,0,23.3,0.0,467,28.3,none,none
2025-11-25,cucumber,vegetable,27.6,37,41,discount,Tue,0,0,23.3,0.0,467,27.3,none,none
2025-11-26,banana,fruit,42.6,72,87,none,Wed,0,0,22.2,0.0,469,45.9,none,none
2025-11-26,apple,fruit,108.6,44,59,none,Wed,0,0,22.2,0.0,469,109.7,none,none
2025-11-26,mango,fruit,87.3,13,20,none,Wed,0,0,22.2,0.0,469,91.1,none,none
2025-11-26,tomato,vegetable,28.6,71,72,none,Wed,0,0,22.2,0.0,469,27.1,none,none
2025-11-26,onion,vegetable,36.9,75,99,none,Wed,0,0,22.2,0.0,469,36.6,none,none
2025-11-26,potato,vegetable,25.7,75,111,none,Wed,0,0,22.2,0.0,469,26.4,none,none
2025-11-26,spinach,vegetable,25.3,36,36,loyalty,Wed,0,0,22.2,0.0,469,23.5,none,none
2025-11-26,cucumber,vegetable,31.6,35,36,none,Wed,0,0,22.2,0.0,469,33.8,none,none
2025-11-27,banana,fruit,36.8,79,102,none,Thu,0,0,23.4,0.0,486,39.0,none,none
2025-11-27,apple,fruit,114.8,39,39,none,Thu,0,0,23.4,0.0,486,110.1,none,none
2025-11-27,mango,fruit,74.2,14,23,none,Thu,0,0,23.4,0.0,486,73.4,none,none
2025-11-27,tomato,vegetable,33.0,73,73,none,Thu,0,0,23.4,0.0,486,35.3,none,none
2025-11-27,onion,vegetable,38.1,58,92,none,Thu,0,0,23.4,0.0,486,40.0,none,none
2025-11-27,potato,vegetable,27.2,88,101,none,Thu,0,0,23.4,0.0,486,26.6,none,none
2025-11-27,spinach,vegetable,25.1,38,42,none,Thu,0,0,23.4,0.0,486,23.3,none,none
2025-11-27,cucumber,vegetable,31.4,33,43,none,Thu,0,0,23.4,0.0,486,32.0,none,none
2025-11-28,banana,fruit,40.2,38,114,none,Fri,0,0,22.3,12.3,347,38.0,none,none
2025-11-28,apple,fruit,124.9,24,45,none,Fri,0,0,22.3,12.3,347,131.0,none,none
2025-11-28,mango,fruit,76.0,8,19,none,Fri,0,0,22.3,12.3,347,74.8,none,none
2025-11-28,tomato,vegetable,30.2,47,67,none,Fri,0,0,22.3,12.3,347,31.1,none,none
2025-11-28,onion,vegetable,38.1,38,82,none,Fri,0,0,22.3,12.3,347,38.3,none,none
2025-11-28,potato,vegetable,26.4,33,131,none,Fri,0,0,22.3,12.3,347,25.1,none,none
2025-11-28,spinach,vegetable,24.1,14,33,none,Fri,0,0,22.3,12.3,347,23.1,none,none
2025-11-28,cucumber,vegetable,27.8,11,41,none,Fri,0,0,22.3,12.3,347,26.8,none,none
2025-11-29,banana,fruit,39.7,109,109,none,Sat,1,0,25.2,0.0,629,42.8,none,match_day
2025-11-29,apple,fruit,128.2,52,52,none,Sat,1,0,25.2,0.0,629,127.8,none,match_day
2025-11-29,mango,fruit,80.2,20,22,none,Sat,1,0,25.2,0.0,629,79.0,none,match_day
2025-11-29,tomato,vegetable,27.0,86,86,none,Sat,1,0,25.2,0.0,629,27.6,none,match_day
2025-11-29,onion,vegetable,37.3,79,79,none,Sat,1,0,25.2,0.0,629,37.0,none,match_day
2025-11-29,potato,vegetable,26.3,92,92,none,Sat,1,0,25.2,0.0,629,25.1,none,match_day
2025-11-29,spinach,vegetable,26.7,29,29,none,Sat,1,0,25.2,0.0,629,26.8,none,match_day
2025-11-29,cucumber,vegetable,29.4,51,51,none,Sat,1,0,25.2,0.0,629,30.4,none,match_day
2025-11-30,banana,fruit,40.5,112,115,none,Sun,1,0,25.7,0.0,570,43.5,none,none
2025-11-30,apple,fruit,131.4,58,58,none,Sun,1,0,25.7,0.0,570,134.4,none,none
2025-11-30,mango,fruit,87.0,22,22,none,Sun,1,0,25.7,0.0,570,91.7,none,none
2025-11-30,tomato,vegetable,29.7,78,78,none,Sun,1,0,25.7,0.0,570,30.5,none,none
2025-11-30,onion,vegetable,33.9,78,78,discount,Sun,1,0,25.7,0.0,570,31.5,none,none
2025-11-30,potato,vegetable,25.3,119,125,none,Sun,1,0,25.7,0.0,570,26.9,none,none
2025-11-30,spinach,vegetable,23.7,35,35,none,Sun,1,0,25.7,0.0,570,24.1,none,none
2025-11-30,cucumber,vegetable,29.0,42,53,none,Sun,1,0,25.7,0.0,570,28.4,none,none
2025-12-01,banana,fruit,39.1,66,99,none,Mon,0,0,26.0,0.0,513,37.5,none,none
2025-12-01,apple,fruit,121.5,48,48,none,Mon,0,0,26.0,0.0,513,116.2,none,none
2025-12-01,mango,fruit,73.8,15,16,none,Mon,0,0,26.0,0.0,513,74.4,none,none
2025-12-01,tomato,vegetable,30.7,66,66,none,Mon,0,0,26.0,0.0,513,30.4,none,none
2025-12-01,onion,vegetable,32.7,66,68,none,Mon,0,0,26.0,0.0,513,35.2,none,none
2025-12-01,potato,vegetable,24.2,106,122,bundle,Mon,0,0,26.0,0.0,513,22.5,none,none
2025-12-01,spinach,vegetable,25.1,3,31,none,Mon,0,0,26.0,0.0,513,24.7,none,none
2025-12-01,cucumber,vegetable,30.6,35,35,discount,Mon,0,0,26.0,0.0,513,28.6,none,none
2025-12-02,banana,fruit,43.9,86,95,none,Tue,0,0,22.6,0.0,525,40.6,none,none
2025-12-02,apple,fruit,123.9,47,47,none,Tue,0,0,22.6,0.0,525,133.8,none,none
2025-12-02,mango,fruit,78.2,13,19,none,Tue,0,0,22.6,0.0,525,80.9,none,none
2025-12-02,tomato,vegetable,32.3,52,86,none,Tue,0,0,22.6,0.0,525,31.2,none,none
2025-12-02,onion,vegetable,38.4,51,80,none,Tue,0,0,22.6,0.0,525,35.8,none,none
2025-12-02,potato,vegetable,23.9,78,125,none,Tue,0,0,22.6,0.0,525,25.2,none,none
2025-12-02,spinach,vegetable,25.5,34,34,none,Tue,0,0,22.6,0.0,525,26.1,none,none
2025-12-02,cucumber,vegetable,27.5,22,22,none,Tue,0,0,22.6,0.0,525,25.3,quality_issue,none
2025-12-03,banana,fruit,40.9,63,99,none,Wed,0,0,25.4,0.0,505,38.2,none,none
2025-12-03,apple,fruit,108.6,43,43,none,Wed,0,0,25.4,0.0,505,100.6,none,none
2025-12-03,mango,fruit,75.5,12,17,none,Wed,0,0,25.4,0.0,505,72.5,none,none
2025-12-03,tomato,vegetable,32.9,46,74,none,Wed,0,0,25.4,0.0,505,31.2,none,none
2025-12-03,onion,vegetable,32.0,63,93,none,Wed,0,0,25.4,0.0,505,29.8,none,none
2025-12-03,potato,vegetable,24.5,80,89,none,Wed,0,0,25.4,0.0,505,24.2,none,none
2025-12-03,spinach,vegetable,23.9,40,40,none,Wed,0,0,25.4,0.0,505,23.9,none,none
2025-12-03,cucumber,vegetable,31.3,21,47,none,Wed,0,0,25.4,0.0,505,28.8,none,none
2025-12-04,banana,fruit,37.3,84,89,none,Thu,0,0,23.1,0.0,512,40.0,none,none
2025-12-04,apple,fruit,123.8,48,57,none,Thu,0,0,23.1,0.0,512,122.7,none,none
2025-12-04,mango,fruit,72.9,13,15,none,Thu,0,0,23.1,0.0,512,69.3,none,none
2025-12-04,tomato,vegetable,28.5,58,58,none,Thu,0,0,23.1,0.0,512,26.9,none,none
2025-12-04,onion,vegetable,36.4,70,103,none,Thu,0,0,23.1,0.0,512,35.2,none,none
2025-12-04,potato,vegetable,25.3,101,107,none,Thu,0,0,23.1,0.0,512,26.5,none,none
2025-12-04,spinach,vegetable,25.9,44,44,none,Thu,0,0,23.1,0.0,512,25.0,none,none
2025-12-04,cucumber,vegetable,30.0,33,36,none,Thu,0,0,23.1,0.0,512,28.4,none,none
2025-12-05,banana,fruit,43.3,76,120,none,Fri,0,0,24.1,0.0,499,46.3,none,none
2025-12-05,apple,fruit,110.8,53,53,none,Fri,0,0,24.1,0.0,499,102.9,none,none
2025-12-05,mango,fruit,78.8,11,18,none,Fri,0,0,24.1,0.0,499,74.3,none,none
2025-12-05,tomato,vegetable,32.5,5,60,none,Fri,0,0,24.1,0.0,499,30.0,none,none
2025-12-05,onion,vegetable,36.9,66,81,none,Fri,0,0,24.1,0.0,499,35.2,none,none
2025-12-05,potato,vegetable,23.5,94,98,none,Fri,0,0,24.1,0.0,499,23.5,none,none
2025-12-05,spinach,vegetable,23.2,38,38,none,Fri,0,0,24.1,0.0,499,22.2,none,none
2025-12-05,cucumber,vegetable,28.0,24,24,none,Fri,0,0,24.1,0.0,499,29.0,quality_issue,none
2025-12-06,banana,fruit,42.3,11,99,none,Sat,1,0,25.2,0.0,551,44.0,none,none
2025-12-06,apple,fruit,124.5,45,45,none,Sat,1,0,25.2,0.0,551,130.3,none,none
2025-12-06,mango,fruit,84.3,17,19,none,Sat,1,0,25.2,0.0,551,80.5,none,none
2025-12-06,tomato,vegetable,28.3,74,89,none,Sat,1,0,25.2,0.0,551,28.9,none,none
2025-12-06,onion,vegetable,34.4,75,75,none,Sat,1,0,25.2,0.0,551,36.0,none,none
2025-12-06,potato,vegetable,26.0,108,108,none,Sat,1,0,25.2,0.0,551,27.8,none,none
2025-12-06,spinach,vegetable,23.8,29,29,discount,Sat,1,0,25.2,0.0,551,23.9,none,none
2025-12-06,cucumber,vegetable,28.2,40,50,none,Sat,1,0,25.2,0.0,551,26.5,none,none
